Continent,Pays,Annee,Superficie du vignoble,Unite
Asie,Afghanistan,1995,54671,ha
Asie,Afghanistan,1996,55317,ha
Asie,Afghanistan,1997,55900,ha
Asie,Afghanistan,1998,55900,ha
Asie,Afghanistan,1999,55900,ha
Asie,Afghanistan,2000,55900,ha
Asie,Afghanistan,2001,55900,ha
Asie,Afghanistan,2002,55900,ha
Asie,Afghanistan,2003,53750,ha
Asie,Afghanistan,2004,53750,ha
Asie,Afghanistan,2005,53750,ha
Asie,Afghanistan,2006,55900,ha
Asie,Afghanistan,2007,59125,ha
Asie,Afghanistan,2008,61920,ha
Asie,Afghanistan,2009,65394,ha
Asie,Afghanistan,2010,65717,ha
Asie,Afghanistan,2011,66175,ha
Asie,Afghanistan,2012,66317,ha
Asie,Afghanistan,2013,66777,ha
Asie,Afghanistan,2014,84285,ha
Asie,Afghanistan,2015,84582,ha
Asie,Afghanistan,2016,88634,ha
Asie,Afghanistan,2017,93734,ha
Asie,Afghanistan,2018,94081,ha
Asie,Afghanistan,2019,96312,ha
Afrique,Afrique Du Sud,1995,103000,ha
Afrique,Afrique Du Sud,1996,105608,ha
Afrique,Afrique Du Sud,1997,110000,ha
Afrique,Afrique Du Sud,1998,114000,ha
Afrique,Afrique Du Sud,1999,120000,ha
Afrique,Afrique Du Sud,2000,124400,ha
Afrique,Afrique Du Sud,2001,126000,ha
Afrique,Afrique Du Sud,2002,129000,ha
Afrique,Afrique Du Sud,2003,132100,ha
Afrique,Afrique Du Sud,2004,133000,ha
Afrique,Afrique Du Sud,2005,134000,ha
Afrique,Afrique Du Sud,2006,134000,ha
Afrique,Afrique Du Sud,2007,133000,ha
Afrique,Afrique Du Sud,2008,132000,ha
Afrique,Afrique Du Sud,2009,132000,ha
Afrique,Afrique Du Sud,2010,132000,ha
Afrique,Afrique Du Sud,2011,133499,ha
Afrique,Afrique Du Sud,2012,135078,ha
Afrique,Afrique Du Sud,2013,132896,ha
Afrique,Afrique Du Sud,2014,133127,ha
Afrique,Afrique Du Sud,2015,132652,ha
Afrique,Afrique Du Sud,2016,129513,ha
Afrique,Afrique Du Sud,2017,128120,ha
Afrique,Afrique Du Sud,2018,122645,ha
Afrique,Afrique Du Sud,2019,122405,ha
Europe,Albanie,1995,4775,ha
Europe,Albanie,1996,5024,ha
Europe,Albanie,1997,4719,ha
Europe,Albanie,1998,5029,ha
Europe,Albanie,1999,5500,ha
Europe,Albanie,2000,6000,ha
Europe,Albanie,2001,6400,ha
Europe,Albanie,2002,6600,ha
Europe,Albanie,2003,6172,ha
Europe,Albanie,2004,6841,ha
Europe,Albanie,2005,8200,ha
Europe,Albanie,2006,8200,ha
Europe,Albanie,2007,9103,ha
Europe,Albanie,2008,9755,ha
Europe,Albanie,2009,9806,ha
Europe,Albanie,2010,9712,ha
Europe,Albanie,2011,10073,ha
Europe,Albanie,2012,10136,ha
Europe,Albanie,2013,10297,ha
Europe,Albanie,2014,10347,ha
Europe,Albanie,2015,10633,ha
Europe,Albanie,2016,10762,ha
Europe,Albanie,2017,11497,ha
Europe,Albanie,2018,10942,ha
Europe,Albanie,2019,11024,ha
Afrique,Algerie,1995,85400,ha
Afrique,Algerie,1996,62020,ha
Afrique,Algerie,1997,56490,ha
Afrique,Algerie,1998,55720,ha
Afrique,Algerie,1999,55000,ha
Afrique,Algerie,2000,54847,ha
Afrique,Algerie,2001,55309,ha
Afrique,Algerie,2002,58265,ha
Afrique,Algerie,2003,65000,ha
Afrique,Algerie,2004,67188,ha
Afrique,Algerie,2005,74855,ha
Afrique,Algerie,2006,80826,ha
Afrique,Algerie,2007,82511,ha
Afrique,Algerie,2008,79269,ha
Afrique,Algerie,2009,74293,ha
Afrique,Algerie,2010,74412,ha
Afrique,Algerie,2011,77445,ha
Afrique,Algerie,2012,79673,ha
Afrique,Algerie,2013,78853,ha
Afrique,Algerie,2014,71398,ha
Afrique,Algerie,2015,70927,ha
Afrique,Algerie,2016,75591,ha
Afrique,Algerie,2017,74787,ha
Afrique,Algerie,2018,74579,ha
Afrique,Algerie,2019,66302,ha
Europe,Allemagne,1995,105634,ha
Europe,Allemagne,1996,105848,ha
Europe,Allemagne,1997,105067,ha
Europe,Allemagne,1998,102517,ha
Europe,Allemagne,1999,104260,ha
Europe,Allemagne,2000,104000,ha
Europe,Allemagne,2001,103000,ha
Europe,Allemagne,2002,102000,ha
Europe,Allemagne,2003,102470,ha
Europe,Allemagne,2004,102230,ha
Europe,Allemagne,2005,102040,ha
Europe,Allemagne,2006,102000,ha
Europe,Allemagne,2007,102026,ha
Europe,Allemagne,2008,102340,ha
Europe,Allemagne,2009,102276,ha
Europe,Allemagne,2010,102168,ha
Europe,Allemagne,2011,102104,ha
Europe,Allemagne,2012,102172,ha
Europe,Allemagne,2013,102427,ha
Europe,Allemagne,2014,102439,ha
Europe,Allemagne,2015,102543,ha
Europe,Allemagne,2016,102493,ha
Europe,Allemagne,2017,102592,ha
Europe,Allemagne,2018,102873,ha
Europe,Allemagne,2019,103079,ha
Asie,Arabie Saoudite,1995,11145,ha
Asie,Arabie Saoudite,1996,11551,ha
Asie,Arabie Saoudite,1997,12034,ha
Asie,Arabie Saoudite,1998,12074,ha
Asie,Arabie Saoudite,1999,9096,ha
Asie,Arabie Saoudite,2000,8869,ha
Asie,Arabie Saoudite,2001,7487,ha
Asie,Arabie Saoudite,2002,7521,ha
Asie,Arabie Saoudite,2003,8268,ha
Asie,Arabie Saoudite,2004,10226,ha
Asie,Arabie Saoudite,2005,11255,ha
Asie,Arabie Saoudite,2006,12150,ha
Asie,Arabie Saoudite,2007,12551,ha
Asie,Arabie Saoudite,2008,11546,ha
Asie,Arabie Saoudite,2009,11867,ha
Asie,Arabie Saoudite,2010,13312,ha
Asie,Arabie Saoudite,2011,15359,ha
Asie,Arabie Saoudite,2012,13339,ha
Asie,Arabie Saoudite,2013,13116,ha
Asie,Arabie Saoudite,2014,4103,ha
Asie,Arabie Saoudite,2015,4091,ha
Asie,Arabie Saoudite,2016,4081,ha
Asie,Arabie Saoudite,2017,4069,ha
Asie,Arabie Saoudite,2018,4061,ha
Asie,Arabie Saoudite,2019,5780,ha
Amerique,Argentine,1995,210390,ha
Amerique,Argentine,1996,210635,ha
Amerique,Argentine,1997,209042,ha
Amerique,Argentine,1998,210448,ha
Amerique,Argentine,1999,208137,ha
Amerique,Argentine,2000,201113,ha
Amerique,Argentine,2001,204100,ha
Amerique,Argentine,2002,207980,ha
Amerique,Argentine,2003,210500,ha
Amerique,Argentine,2004,212700,ha
Amerique,Argentine,2005,218600,ha
Amerique,Argentine,2006,223034,ha
Amerique,Argentine,2007,225845,ha
Amerique,Argentine,2008,226450,ha
Amerique,Argentine,2009,229000,ha
Amerique,Argentine,2010,217751,ha
Amerique,Argentine,2011,219476,ha
Amerique,Argentine,2012,221909,ha
Amerique,Argentine,2013,223811,ha
Amerique,Argentine,2014,227645,ha
Amerique,Argentine,2015,224967,ha
Amerique,Argentine,2016,224258,ha
Amerique,Argentine,2017,221568,ha
Amerique,Argentine,2018,218233,ha
Amerique,Argentine,2019,215169,ha
Asie,Armenie,1995,24403,ha
Asie,Armenie,1996,23543,ha
Asie,Armenie,1997,18490,ha
Asie,Armenie,1998,16340,ha
Asie,Armenie,1999,16207,ha
Asie,Armenie,2000,15000,ha
Asie,Armenie,2001,15388,ha
Asie,Armenie,2002,13367,ha
Asie,Armenie,2003,13054,ha
Asie,Armenie,2004,14857,ha
Asie,Armenie,2005,14900,ha
Asie,Armenie,2006,15746,ha
Asie,Armenie,2007,15888,ha
Asie,Armenie,2008,16796,ha
Asie,Armenie,2009,16480,ha
Asie,Armenie,2010,17400,ha
Asie,Armenie,2011,16300,ha
Asie,Armenie,2012,17415,ha
Asie,Armenie,2013,17500,ha
Asie,Armenie,2014,17215,ha
Asie,Armenie,2015,17296,ha
Asie,Armenie,2016,17100,ha
Asie,Armenie,2017,15800,ha
Asie,Armenie,2018,16090,ha
Asie,Armenie,2019,16007,ha
Oceanie,Australie,1995,72869,ha
Oceanie,Australie,1996,80559,ha
Oceanie,Australie,1997,89797,ha
Oceanie,Australie,1998,98612,ha
Oceanie,Australie,1999,122915,ha
Oceanie,Australie,2000,139861,ha
Oceanie,Australie,2001,148258,ha
Oceanie,Australie,2002,158594,ha
Oceanie,Australie,2003,157492,ha
Oceanie,Australie,2004,164181,ha
Oceanie,Australie,2005,167000,ha
Oceanie,Australie,2006,169000,ha
Oceanie,Australie,2007,173800,ha
Oceanie,Australie,2008,172700,ha
Oceanie,Australie,2009,177300,ha
Oceanie,Australie,2010,170700,ha
Oceanie,Australie,2011,170450,ha
Oceanie,Australie,2012,162400,ha
Oceanie,Australie,2013,156537,ha
Oceanie,Australie,2014,153723,ha
Oceanie,Australie,2015,147474,ha
Oceanie,Australie,2016,145341,ha
Oceanie,Australie,2017,144785,ha
Oceanie,Australie,2018,146128,ha
Oceanie,Australie,2019,146244,ha
Europe,Autriche,1995,51687,ha
Europe,Autriche,1996,51687,ha
Europe,Autriche,1997,49221,ha
Europe,Autriche,1998,49260,ha
Europe,Autriche,1999,49807,ha
Europe,Autriche,2000,50645,ha
Europe,Autriche,2001,49264,ha
Europe,Autriche,2002,47593,ha
Europe,Autriche,2003,47966,ha
Europe,Autriche,2004,49090,ha
Europe,Autriche,2005,51678,ha
Europe,Autriche,2006,49663,ha
Europe,Autriche,2007,49947,ha
Europe,Autriche,2008,47818,ha
Europe,Autriche,2009,47200,ha
Europe,Autriche,2010,45950,ha
Europe,Autriche,2011,44138,ha
Europe,Autriche,2012,44000,ha
Europe,Autriche,2013,43990,ha
Europe,Autriche,2014,44790,ha
Europe,Autriche,2015,45438,ha
Europe,Autriche,2016,46487,ha
Europe,Autriche,2017,48054,ha
Europe,Autriche,2018,48646,ha
Europe,Autriche,2019,48491,ha
Asie,Azerbaidjan,1995,84227,ha
Asie,Azerbaidjan,1996,83268,ha
Asie,Azerbaidjan,1997,66317,ha
Asie,Azerbaidjan,1998,35077,ha
Asie,Azerbaidjan,1999,20451,ha
Asie,Azerbaidjan,2000,14218,ha
Asie,Azerbaidjan,2001,11464,ha
Asie,Azerbaidjan,2002,9000,ha
Asie,Azerbaidjan,2003,7708,ha
Asie,Azerbaidjan,2004,8000,ha
Asie,Azerbaidjan,2005,9600,ha
Asie,Azerbaidjan,2006,10000,ha
Asie,Azerbaidjan,2007,11100,ha
Asie,Azerbaidjan,2008,13300,ha
Asie,Azerbaidjan,2009,15000,ha
Asie,Azerbaidjan,2010,15400,ha
Asie,Azerbaidjan,2011,15900,ha
Asie,Azerbaidjan,2012,16327,ha
Asie,Azerbaidjan,2013,16115,ha
Asie,Azerbaidjan,2014,16115,ha
Asie,Azerbaidjan,2015,16100,ha
Asie,Azerbaidjan,2016,16300,ha
Asie,Azerbaidjan,2017,16528,ha
Asie,Azerbaidjan,2018,16792,ha
Asie,Azerbaidjan,2019,16960,ha
Europe,Belgique,2011,119,ha
Europe,Belgique,2012,153,ha
Europe,Belgique,2013,165,ha
Europe,Belgique,2014,171,ha
Europe,Belgique,2015,197,ha
Europe,Belgique,2016,254,ha
Europe,Belgique,2017,352,ha
Europe,Belgique,2018,389,ha
Europe,Belgique,2019,445,ha
Amerique,"Bolivie, Etat Plurinational ",1995,3755,ha
Amerique,"Bolivie, Etat Plurinational ",1996,3869,ha
Amerique,"Bolivie, Etat Plurinational ",1997,4071,ha
Amerique,"Bolivie, Etat Plurinational ",1998,3970,ha
Amerique,"Bolivie, Etat Plurinational ",1999,3899,ha
Amerique,"Bolivie, Etat Plurinational ",2000,3779,ha
Amerique,"Bolivie, Etat Plurinational ",2001,2155,ha
Amerique,"Bolivie, Etat Plurinational ",2002,2549,ha
Amerique,"Bolivie, Etat Plurinational ",2003,4000,ha
Amerique,"Bolivie, Etat Plurinational ",2004,5268,ha
Amerique,"Bolivie, Etat Plurinational ",2005,5265,ha
Amerique,"Bolivie, Etat Plurinational ",2006,5313,ha
Amerique,"Bolivie, Etat Plurinational ",2007,5405,ha
Amerique,"Bolivie, Etat Plurinational ",2008,5375,ha
Amerique,"Bolivie, Etat Plurinational ",2009,5590,ha
Amerique,"Bolivie, Etat Plurinational ",2010,4439,ha
Amerique,"Bolivie, Etat Plurinational ",2011,4452,ha
Amerique,"Bolivie, Etat Plurinational ",2012,4786,ha
Amerique,"Bolivie, Etat Plurinational ",2013,4858,ha
Amerique,"Bolivie, Etat Plurinational ",2014,3200,ha
Amerique,"Bolivie, Etat Plurinational ",2015,3244,ha
Amerique,"Bolivie, Etat Plurinational ",2016,3283,ha
Amerique,"Bolivie, Etat Plurinational ",2017,3426,ha
Amerique,"Bolivie, Etat Plurinational ",2018,3500,ha
Amerique,"Bolivie, Etat Plurinational ",2019,3577,ha
Europe,Bosnie-herzegovine,1995,3763,ha
Europe,Bosnie-herzegovine,1996,3548,ha
Europe,Bosnie-herzegovine,1997,3440,ha
Europe,Bosnie-herzegovine,1998,3870,ha
Europe,Bosnie-herzegovine,1999,3763,ha
Europe,Bosnie-herzegovine,2000,3870,ha
Europe,Bosnie-herzegovine,2001,3870,ha
Europe,Bosnie-herzegovine,2002,3870,ha
Europe,Bosnie-herzegovine,2003,5375,ha
Europe,Bosnie-herzegovine,2004,5375,ha
Europe,Bosnie-herzegovine,2005,5590,ha
Europe,Bosnie-herzegovine,2006,5698,ha
Europe,Bosnie-herzegovine,2007,5483,ha
Europe,Bosnie-herzegovine,2008,5913,ha
Europe,Bosnie-herzegovine,2009,6235,ha
Europe,Bosnie-herzegovine,2010,5732,ha
Europe,Bosnie-herzegovine,2011,5617,ha
Europe,Bosnie-herzegovine,2012,5617,ha
Europe,Bosnie-herzegovine,2013,5514,ha
Europe,Bosnie-herzegovine,2014,5822,ha
Europe,Bosnie-herzegovine,2015,4888,ha
Europe,Bosnie-herzegovine,2016,5108,ha
Europe,Bosnie-herzegovine,2017,4773,ha
Europe,Bosnie-herzegovine,2018,4869,ha
Europe,Bosnie-herzegovine,2019,4679,ha
Amerique,Bresil,1995,61339,ha
Amerique,Bresil,1996,56247,ha
Amerique,Bresil,1997,57036,ha
Amerique,Bresil,1998,61099,ha
Amerique,Bresil,1999,60528,ha
Amerique,Bresil,2000,63000,ha
Amerique,Bresil,2001,68585,ha
Amerique,Bresil,2002,70305,ha
Amerique,Bresil,2003,73423,ha
Amerique,Bresil,2004,76433,ha
Amerique,Bresil,2005,78690,ha
Amerique,Bresil,2006,82924,ha
Amerique,Bresil,2007,86158,ha
Amerique,Bresil,2008,91896,ha
Amerique,Bresil,2009,90860,ha
Amerique,Bresil,2010,92070,ha
Amerique,Bresil,2011,90107,ha
Amerique,Bresil,2012,90958,ha
Amerique,Bresil,2013,89768,ha
Amerique,Bresil,2014,88634,ha
Amerique,Bresil,2015,87003,ha
Amerique,Bresil,2016,86408,ha
Amerique,Bresil,2017,83880,ha
Amerique,Bresil,2018,81647,ha
Amerique,Bresil,2019,81411,ha
Europe,Bulgarie,1995,118000,ha
Europe,Bulgarie,1996,110000,ha
Europe,Bulgarie,1997,110000,ha
Europe,Bulgarie,1998,117000,ha
Europe,Bulgarie,1999,114000,ha
Europe,Bulgarie,2000,115000,ha
Europe,Bulgarie,2001,113499,ha
Europe,Bulgarie,2002,108995,ha
Europe,Bulgarie,2003,98411,ha
Europe,Bulgarie,2004,97210,ha
Europe,Bulgarie,2005,95183,ha
Europe,Bulgarie,2006,101948,ha
Europe,Bulgarie,2007,93324,ha
Europe,Bulgarie,2008,85954,ha
Europe,Bulgarie,2009,80681,ha
Europe,Bulgarie,2010,79492,ha
Europe,Bulgarie,2011,74794,ha
Europe,Bulgarie,2012,67269,ha
Europe,Bulgarie,2013,64400,ha
Europe,Bulgarie,2014,63000,ha
Europe,Bulgarie,2015,64100,ha
Europe,Bulgarie,2016,64200,ha
Europe,Bulgarie,2017,65190,ha
Europe,Bulgarie,2018,66848,ha
Europe,Bulgarie,2019,67055,ha
Europe,Belarus,1995,3000,ha
Europe,Belarus,1996,5000,ha
Europe,Belarus,1997,4000,ha
Europe,Belarus,1998,4000,ha
Europe,Belarus,1999,2000,ha
Europe,Belarus,2006,1236,ha
Europe,Belarus,2007,2150,ha
Europe,Belarus,2008,3763,ha
Europe,Belarus,2009,2150,ha
Europe,Belarus,2010,3225,ha
Europe,Belarus,2011,3870,ha
Europe,Belarus,2012,3763,ha
Europe,Belarus,2013,3763,ha
Europe,Belarus,2014,3763,ha
Europe,Belarus,2015,4101,ha
Europe,Belarus,2016,4549,ha
Europe,Belarus,2017,4504,ha
Europe,Belarus,2018,4683,ha
Europe,Belarus,2019,4860,ha
Amerique,Canada,1995,7183,ha
Amerique,Canada,1996,7509,ha
Amerique,Canada,1997,7371,ha
Amerique,Canada,1998,7675,ha
Amerique,Canada,1999,8319,ha
Amerique,Canada,2000,8349,ha
Amerique,Canada,2001,10582,ha
Amerique,Canada,2002,10564,ha
Amerique,Canada,2003,10647,ha
Amerique,Canada,2004,10568,ha
Amerique,Canada,2005,10595,ha
Amerique,Canada,2006,11793,ha
Amerique,Canada,2007,11505,ha
Amerique,Canada,2008,10568,ha
Amerique,Canada,2009,12412,ha
Amerique,Canada,2010,11648,ha
Amerique,Canada,2011,11784,ha
Amerique,Canada,2012,12156,ha
Amerique,Canada,2013,12312,ha
Amerique,Canada,2014,12132,ha
Amerique,Canada,2015,11933,ha
Amerique,Canada,2016,12488,ha
Amerique,Canada,2017,12457,ha
Amerique,Canada,2018,12399,ha
Amerique,Canada,2019,12777,ha
Amerique,Chili,1995,122110,ha
Amerique,Chili,1996,124872,ha
Amerique,Chili,1997,132440,ha
Amerique,Chili,1998,144429,ha
Amerique,Chili,1999,157554,ha
Amerique,Chili,2000,174451,ha
Amerique,Chili,2001,181000,ha
Amerique,Chili,2002,184000,ha
Amerique,Chili,2003,185000,ha
Amerique,Chili,2004,189000,ha
Amerique,Chili,2005,193000,ha
Amerique,Chili,2006,195479,ha
Amerique,Chili,2007,196360,ha
Amerique,Chili,2008,198123,ha
Amerique,Chili,2009,199000,ha
Amerique,Chili,2010,204250,ha
Amerique,Chili,2011,201324,ha
Amerique,Chili,2012,204495,ha
Amerique,Chili,2013,206509,ha
Amerique,Chili,2014,212870,ha
Amerique,Chili,2015,213954,ha
Amerique,Chili,2016,209040,ha
Amerique,Chili,2017,207283,ha
Amerique,Chili,2018,208171,ha
Amerique,Chili,2019,210008,ha
Asie,Chine,1995,161650,ha
Asie,Chine,1996,162699,ha
Asie,Chine,1997,167724,ha
Asie,Chine,1998,188638,ha
Asie,Chine,1999,236592,ha
Asie,Chine,2000,300022,ha
Asie,Chine,2001,354040,ha
Asie,Chine,2002,415520,ha
Asie,Chine,2003,446260,ha
Asie,Chine,2004,438840,ha
Asie,Chine,2005,432480,ha
Asie,Chine,2006,444140,ha
Asie,Chine,2007,464280,ha
Asie,Chine,2008,478060,ha
Asie,Chine,2009,522580,ha
Asie,Chine,2010,551658,ha
Asie,Chine,2011,591551,ha
Asie,Chine,2012,658706,ha
Asie,Chine,2013,695063,ha
Asie,Chine,2014,740729,ha
Asie,Chine,2015,770141,ha
Asie,Chine,2016,769926,ha
Asie,Chine,2017,759541,ha
Asie,Chine,2018,779483,ha
Asie,Chine,2019,780665,ha
Asie,Chypre,1995,20190,ha
Asie,Chypre,1996,20140,ha
Asie,Chypre,1997,19340,ha
Asie,Chypre,1998,19870,ha
Asie,Chypre,1999,19040,ha
Asie,Chypre,2000,19260,ha
Asie,Chypre,2001,17986,ha
Asie,Chypre,2002,17946,ha
Asie,Chypre,2003,17450,ha
Asie,Chypre,2004,16000,ha
Asie,Chypre,2005,15500,ha
Asie,Chypre,2006,12500,ha
Asie,Chypre,2007,15300,ha
Asie,Chypre,2008,13600,ha
Asie,Chypre,2009,10971,ha
Asie,Chypre,2010,9783,ha
Asie,Chypre,2011,9066,ha
Asie,Chypre,2012,9066,ha
Asie,Chypre,2013,8605,ha
Asie,Chypre,2014,8417,ha
Asie,Chypre,2015,8042,ha
Asie,Chypre,2016,7908,ha
Asie,Chypre,2017,7873,ha
Asie,Chypre,2018,7798,ha
Asie,Chypre,2019,7826,ha
Amerique,Colombie,1995,1464,ha
Amerique,Colombie,1996,1355,ha
Amerique,Colombie,1997,1219,ha
Amerique,Colombie,1998,1236,ha
Amerique,Colombie,1999,1321,ha
Amerique,Colombie,2000,1104,ha
Amerique,Colombie,2001,1341,ha
Amerique,Colombie,2002,1236,ha
Amerique,Colombie,2003,1499,ha
Amerique,Colombie,2004,1428,ha
Amerique,Colombie,2005,2105,ha
Amerique,Colombie,2006,2308,ha
Amerique,Colombie,2007,2556,ha
Amerique,Colombie,2008,2574,ha
Amerique,Colombie,2009,2772,ha
Amerique,Colombie,2010,2768,ha
Amerique,Colombie,2011,2422,ha
Amerique,Colombie,2012,2404,ha
Amerique,Colombie,2013,2423,ha
Amerique,Colombie,2014,2338,ha
Amerique,Colombie,2015,2380,ha
Amerique,Colombie,2016,2592,ha
Amerique,Colombie,2017,2767,ha
Amerique,Colombie,2018,3973,ha
Amerique,Colombie,2019,4292,ha
Asie,"Coree, Republique",1995,27982,ha
Asie,"Coree, Republique",1996,29236,ha
Asie,"Coree, Republique",1997,30412,ha
Asie,"Coree, Republique",1998,32111,ha
Asie,"Coree, Republique",1999,32827,ha
Asie,"Coree, Republique",2000,31390,ha
Asie,"Coree, Republique",2001,28813,ha
Asie,"Coree, Republique",2002,27958,ha
Asie,"Coree, Republique",2003,26660,ha
Asie,"Coree, Republique",2004,24618,ha
Asie,"Coree, Republique",2005,23100,ha
Asie,"Coree, Republique",2006,20160,ha
Asie,"Coree, Republique",2007,19740,ha
Asie,"Coree, Republique",2008,19110,ha
Asie,"Coree, Republique",2009,19346,ha
Asie,"Coree, Republique",2010,18890,ha
Asie,"Coree, Republique",2011,18753,ha
Asie,"Coree, Republique",2012,18470,ha
Asie,"Coree, Republique",2013,18201,ha
Asie,"Coree, Republique",2014,17574,ha
Asie,"Coree, Republique",2015,16552,ha
Asie,"Coree, Republique",2016,16067,ha
Asie,"Coree, Republique",2017,14090,ha
Asie,"Coree, Republique",2018,13755,ha
Asie,"Coree, Republique",2019,12870,ha
Europe,Croatie,1995,56084,ha
Europe,Croatie,1996,58050,ha
Europe,Croatie,1997,57486,ha
Europe,Croatie,1998,59420,ha
Europe,Croatie,1999,58796,ha
Europe,Croatie,2000,63425,ha
Europe,Croatie,2001,62000,ha
Europe,Croatie,2002,62350,ha
Europe,Croatie,2003,61376,ha
Europe,Croatie,2004,53831,ha
Europe,Croatie,2005,31895,ha
Europe,Croatie,2006,33073,ha
Europe,Croatie,2007,34888,ha
Europe,Croatie,2008,36272,ha
Europe,Croatie,2009,36959,ha
Europe,Croatie,2010,35162,ha
Europe,Croatie,2011,34921,ha
Europe,Croatie,2012,31430,ha
Europe,Croatie,2013,28058,ha
Europe,Croatie,2014,27680,ha
Europe,Croatie,2015,27506,ha
Europe,Croatie,2016,25155,ha
Europe,Croatie,2017,23543,ha
Europe,Croatie,2018,22050,ha
Europe,Croatie,2019,21311,ha
Amerique,Cuba,1999,2526,ha
Amerique,Cuba,2000,2580,ha
Amerique,Cuba,2001,2473,ha
Amerique,Cuba,2002,1935,ha
Amerique,Cuba,2003,1989,ha
Amerique,Cuba,2004,1828,ha
Amerique,Cuba,2005,1828,ha
Amerique,Cuba,2006,1720,ha
Amerique,Cuba,2007,1828,ha
Amerique,Cuba,2008,1828,ha
Amerique,Cuba,2009,1720,ha
Amerique,Cuba,2010,1828,ha
Amerique,Cuba,2011,1720,ha
Amerique,Cuba,2012,1828,ha
Amerique,Cuba,2013,1828,ha
Amerique,Cuba,2014,1774,ha
Amerique,Cuba,2015,1734,ha
Amerique,Cuba,2016,1782,ha
Amerique,Cuba,2017,1797,ha
Amerique,Cuba,2018,1800,ha
Amerique,Cuba,2019,1802,ha
Afrique,Egypte,1995,53000,ha
Afrique,Egypte,1996,53700,ha
Afrique,Egypte,1997,54395,ha
Afrique,Egypte,1998,56082,ha
Afrique,Egypte,1999,63793,ha
Afrique,Egypte,2000,64285,ha
Afrique,Egypte,2001,67080,ha
Afrique,Egypte,2002,60523,ha
Afrique,Egypte,2003,61505,ha
Afrique,Egypte,2004,62557,ha
Afrique,Egypte,2005,65296,ha
Afrique,Egypte,2006,66489,ha
Afrique,Egypte,2007,67499,ha
Afrique,Egypte,2008,69520,ha
Afrique,Egypte,2009,68755,ha
Afrique,Egypte,2010,68837,ha
Afrique,Egypte,2011,69698,ha
Afrique,Egypte,2012,71232,ha
Afrique,Egypte,2013,74186,ha
Afrique,Egypte,2014,77604,ha
Afrique,Egypte,2015,80545,ha
Afrique,Egypte,2016,83224,ha
Afrique,Egypte,2017,84083,ha
Afrique,Egypte,2018,80119,ha
Afrique,Egypte,2019,78852,ha
Amerique,Equateur,1995,60,ha
Amerique,Equateur,1996,75,ha
Amerique,Equateur,1997,161,ha
Amerique,Equateur,1998,96,ha
Amerique,Equateur,1999,78,ha
Amerique,Equateur,2000,115,ha
Amerique,Equateur,2001,86,ha
Amerique,Equateur,2002,81,ha
Amerique,Equateur,2003,96,ha
Amerique,Equateur,2004,66,ha
Amerique,Equateur,2005,83,ha
Amerique,Equateur,2006,86,ha
Amerique,Equateur,2007,91,ha
Amerique,Equateur,2008,65,ha
Amerique,Equateur,2009,70,ha
Amerique,Equateur,2010,81,ha
Amerique,Equateur,2011,83,ha
Amerique,Equateur,2012,82,ha
Amerique,Equateur,2013,82,ha
Amerique,Equateur,2014,84,ha
Amerique,Equateur,2015,84,ha
Amerique,Equateur,2016,84,ha
Amerique,Equateur,2017,84,ha
Amerique,Equateur,2018,84,ha
Amerique,Equateur,2019,84,ha
Europe,Espagne,1995,1196110,ha
Europe,Espagne,1996,1161789,ha
Europe,Espagne,1997,1168475,ha
Europe,Espagne,1998,1171363,ha
Europe,Espagne,1999,1179532,ha
Europe,Espagne,2000,1168891,ha
Europe,Espagne,2001,1151076,ha
Europe,Espagne,2002,1141700,ha
Europe,Espagne,2003,1147399,ha
Europe,Espagne,2004,1140976,ha
Europe,Espagne,2005,1128035,ha
Europe,Espagne,2006,1121699,ha
Europe,Espagne,2007,1117859,ha
Europe,Espagne,2008,1118359,ha
Europe,Espagne,2009,1068621,ha
Europe,Espagne,2010,1036588,ha
Europe,Espagne,2011,985166,ha
Europe,Espagne,2012,969414,ha
Europe,Espagne,2013,973004,ha
Europe,Espagne,2014,974869,ha
Europe,Espagne,2015,974428,ha
Europe,Espagne,2016,975270,ha
Europe,Espagne,2017,968100,ha
Europe,Espagne,2018,971585,ha
Europe,Espagne,2019,966442,ha
Asie,Etat De Palestine,1995,8200,ha
Asie,Etat De Palestine,1996,8941,ha
Asie,Etat De Palestine,1997,8993,ha
Asie,Etat De Palestine,1998,8041,ha
Asie,Etat De Palestine,1999,7275,ha
Asie,Etat De Palestine,2000,7913,ha
Asie,Etat De Palestine,2001,7743,ha
Asie,Etat De Palestine,2002,8482,ha
Asie,Etat De Palestine,2003,8041,ha
Asie,Etat De Palestine,2004,8182,ha
Asie,Etat De Palestine,2005,8194,ha
Asie,Etat De Palestine,2006,7716,ha
Asie,Etat De Palestine,2007,9045,ha
Asie,Etat De Palestine,2008,7955,ha
Asie,Etat De Palestine,2009,5375,ha
Asie,Etat De Palestine,2010,2301,ha
Asie,Etat De Palestine,2011,4099,ha
Asie,Etat De Palestine,2012,4668,ha
Asie,Etat De Palestine,2013,4974,ha
Asie,Etat De Palestine,2014,4838,ha
Asie,Etat De Palestine,2015,3935,ha
Asie,Etat De Palestine,2016,4107,ha
Asie,Etat De Palestine,2017,3894,ha
Asie,Etat De Palestine,2018,3650,ha
Asie,Etat De Palestine,2019,3423,ha
Amerique,Etats-unis,1995,340460,ha
Amerique,Etats-unis,1996,351858,ha
Amerique,Etats-unis,1997,363387,ha
Amerique,Etats-unis,1998,372436,ha
Amerique,Etats-unis,1999,394492,ha
Amerique,Etats-unis,2000,413286,ha
Amerique,Etats-unis,2001,405672,ha
Amerique,Etats-unis,2002,413286,ha
Amerique,Etats-unis,2003,414721,ha
Amerique,Etats-unis,2004,407456,ha
Amerique,Etats-unis,2005,408326,ha
Amerique,Etats-unis,2006,409196,ha
Amerique,Etats-unis,2007,407413,ha
Amerique,Etats-unis,2008,411023,ha
Amerique,Etats-unis,2009,420116,ha
Amerique,Etats-unis,2010,432732,ha
Amerique,Etats-unis,2011,438922,ha
Amerique,Etats-unis,2012,442877,ha
Amerique,Etats-unis,2013,453361,ha
Amerique,Etats-unis,2014,449698,ha
Amerique,Etats-unis,2015,445565,ha
Amerique,Etats-unis,2016,439214,ha
Amerique,Etats-unis,2017,434080,ha
Amerique,Etats-unis,2018,407630,ha
Amerique,Etats-unis,2019,406760,ha
Afrique,Ethiopie,1995,1002,ha
Afrique,Ethiopie,1996,1042,ha
Afrique,Ethiopie,1997,1070,ha
Afrique,Ethiopie,1998,1142,ha
Afrique,Ethiopie,1999,1290,ha
Afrique,Ethiopie,2000,1666,ha
Afrique,Ethiopie,2001,1828,ha
Afrique,Ethiopie,2002,1881,ha
Afrique,Ethiopie,2003,1864,ha
Afrique,Ethiopie,2004,1876,ha
Afrique,Ethiopie,2005,1901,ha
Afrique,Ethiopie,2006,1935,ha
Afrique,Ethiopie,2007,2016,ha
Afrique,Ethiopie,2008,2088,ha
Afrique,Ethiopie,2009,2150,ha
Afrique,Ethiopie,2010,1852,ha
Afrique,Ethiopie,2011,2023,ha
Afrique,Ethiopie,2012,2365,ha
Afrique,Ethiopie,2013,2365,ha
Afrique,Ethiopie,2014,2516,ha
Afrique,Ethiopie,2015,2746,ha
Afrique,Ethiopie,2016,3024,ha
Afrique,Ethiopie,2017,3389,ha
Afrique,Ethiopie,2018,3883,ha
Afrique,Ethiopie,2019,4585,ha
Europe,France,1995,926685,ha
Europe,France,1996,918671,ha
Europe,France,1997,913822,ha
Europe,France,1998,913000,ha
Europe,France,1999,914000,ha
Europe,France,2000,907000,ha
Europe,France,2001,900000,ha
Europe,France,2002,898050,ha
Europe,France,2003,888380,ha
Europe,France,2004,888940,ha
Europe,France,2005,894880,ha
Europe,France,2006,887500,ha
Europe,France,2007,858809,ha
Europe,France,2008,846482,ha
Europe,France,2009,825028,ha
Europe,France,2010,804009,ha
Europe,France,2011,795371,ha
Europe,France,2012,792483,ha
Europe,France,2013,792930,ha
Europe,France,2014,788645,ha
Europe,France,2015,784637,ha
Europe,France,2016,786054,ha
Europe,France,2017,787681,ha
Europe,France,2018,792213,ha
Europe,France,2019,794336,ha
Europe,Federation De Russie,1995,89500,ha
Europe,Federation De Russie,1996,84000,ha
Europe,Federation De Russie,1997,79700,ha
Europe,Federation De Russie,1998,72300,ha
Europe,Federation De Russie,1999,71000,ha
Europe,Federation De Russie,2000,72000,ha
Europe,Federation De Russie,2001,70000,ha
Europe,Federation De Russie,2002,68200,ha
Europe,Federation De Russie,2003,70300,ha
Europe,Federation De Russie,2004,72700,ha
Europe,Federation De Russie,2005,69500,ha
Europe,Federation De Russie,2006,61300,ha
Europe,Federation De Russie,2007,62000,ha
Europe,Federation De Russie,2008,65300,ha
Europe,Federation De Russie,2009,65300,ha
Europe,Federation De Russie,2010,62200,ha
Europe,Federation De Russie,2011,63000,ha
Europe,Federation De Russie,2012,61500,ha
Europe,Federation De Russie,2013,62000,ha
Europe,Federation De Russie,2014,86500,ha
Europe,Federation De Russie,2015,85100,ha
Europe,Federation De Russie,2016,87600,ha
Europe,Federation De Russie,2017,89900,ha
Europe,Federation De Russie,2018,93490,ha
Europe,Federation De Russie,2019,95917,ha
Europe,Grece,1995,134928,ha
Europe,Grece,1996,132318,ha
Europe,Grece,1997,131900,ha
Europe,Grece,1998,129527,ha
Europe,Grece,1999,128355,ha
Europe,Grece,2000,130800,ha
Europe,Grece,2001,121600,ha
Europe,Grece,2002,122000,ha
Europe,Grece,2003,111000,ha
Europe,Grece,2004,111500,ha
Europe,Grece,2005,112800,ha
Europe,Grece,2006,111700,ha
Europe,Grece,2007,117471,ha
Europe,Grece,2008,115127,ha
Europe,Grece,2009,112889,ha
Europe,Grece,2010,112272,ha
Europe,Grece,2011,109973,ha
Europe,Grece,2012,110000,ha
Europe,Grece,2013,109800,ha
Europe,Grece,2014,109500,ha
Europe,Grece,2015,107000,ha
Europe,Grece,2016,105343,ha
Europe,Grece,2017,105732,ha
Europe,Grece,2018,107866,ha
Europe,Grece,2019,109489,ha
Amerique,Guatemala,1995,1957,ha
Amerique,Guatemala,1996,2032,ha
Amerique,Guatemala,1997,2032,ha
Amerique,Guatemala,1998,2032,ha
Amerique,Guatemala,1999,2107,ha
Amerique,Guatemala,2000,2107,ha
Amerique,Guatemala,2001,2150,ha
Amerique,Guatemala,2002,2210,ha
Amerique,Guatemala,2003,2259,ha
Amerique,Guatemala,2004,2295,ha
Amerique,Guatemala,2005,2335,ha
Amerique,Guatemala,2006,2374,ha
Amerique,Guatemala,2007,2413,ha
Amerique,Guatemala,2008,2452,ha
Amerique,Guatemala,2009,2491,ha
Amerique,Guatemala,2010,2529,ha
Amerique,Guatemala,2011,2568,ha
Amerique,Guatemala,2012,2606,ha
Amerique,Guatemala,2013,2645,ha
Amerique,Guatemala,2014,2682,ha
Amerique,Guatemala,2015,2775,ha
Amerique,Guatemala,2016,2808,ha
Amerique,Guatemala,2017,2844,ha
Amerique,Guatemala,2018,2882,ha
Amerique,Guatemala,2019,2919,ha
Asie,Georgie,1995,94200,ha
Asie,Georgie,1996,90800,ha
Asie,Georgie,1997,81216,ha
Asie,Georgie,1998,73100,ha
Asie,Georgie,1999,65000,ha
Asie,Georgie,2000,66000,ha
Asie,Georgie,2001,64000,ha
Asie,Georgie,2002,61000,ha
Asie,Georgie,2003,64000,ha
Asie,Georgie,2004,63860,ha
Asie,Georgie,2005,59000,ha
Asie,Georgie,2006,54395,ha
Asie,Georgie,2007,55148,ha
Asie,Georgie,2008,54503,ha
Asie,Georgie,2009,51600,ha
Asie,Georgie,2010,48805,ha
Asie,Georgie,2011,48500,ha
Asie,Georgie,2012,48375,ha
Asie,Georgie,2013,48000,ha
Asie,Georgie,2014,48000,ha
Asie,Georgie,2015,48246,ha
Asie,Georgie,2016,48491,ha
Asie,Georgie,2017,48400,ha
Asie,Georgie,2018,48375,ha
Asie,Georgie,2019,49450,ha
Amerique,Honduras,1995,27,ha
Amerique,Honduras,1996,27,ha
Amerique,Honduras,1997,27,ha
Amerique,Honduras,1998,27,ha
Amerique,Honduras,1999,27,ha
Amerique,Honduras,2000,27,ha
Amerique,Honduras,2001,27,ha
Amerique,Honduras,2002,27,ha
Amerique,Honduras,2003,28,ha
Amerique,Honduras,2004,30,ha
Amerique,Honduras,2005,32,ha
Amerique,Honduras,2006,33,ha
Amerique,Honduras,2007,38,ha
Amerique,Honduras,2008,38,ha
Amerique,Honduras,2009,34,ha
Amerique,Honduras,2010,35,ha
Amerique,Honduras,2011,37,ha
Amerique,Honduras,2012,37,ha
Amerique,Honduras,2013,38,ha
Amerique,Honduras,2014,38,ha
Amerique,Honduras,2015,39,ha
Amerique,Honduras,2016,39,ha
Amerique,Honduras,2017,39,ha
Amerique,Honduras,2018,40,ha
Amerique,Honduras,2019,40,ha
Europe,Hongrie,1995,131334,ha
Europe,Hongrie,1996,130934,ha
Europe,Hongrie,1997,130874,ha
Europe,Hongrie,1998,129658,ha
Europe,Hongrie,1999,127066,ha
Europe,Hongrie,2000,113000,ha
Europe,Hongrie,2001,98000,ha
Europe,Hongrie,2002,93000,ha
Europe,Hongrie,2003,93300,ha
Europe,Hongrie,2004,87000,ha
Europe,Hongrie,2005,82600,ha
Europe,Hongrie,2006,78000,ha
Europe,Hongrie,2007,75000,ha
Europe,Hongrie,2008,74278,ha
Europe,Hongrie,2009,72933,ha
Europe,Hongrie,2010,71754,ha
Europe,Hongrie,2011,69230,ha
Europe,Hongrie,2012,66466,ha
Europe,Hongrie,2013,61930,ha
Europe,Hongrie,2014,64212,ha
Europe,Hongrie,2015,67708,ha
Europe,Hongrie,2016,68422,ha
Europe,Hongrie,2017,68338,ha
Europe,Hongrie,2018,68779,ha
Europe,Hongrie,2019,67477,ha
Asie,Inde,1995,43000,ha
Asie,Inde,1996,43000,ha
Asie,Inde,1997,43000,ha
Asie,Inde,1998,43000,ha
Asie,Inde,1999,45795,ha
Asie,Inde,2000,43000,ha
Asie,Inde,2001,53750,ha
Asie,Inde,2002,53750,ha
Asie,Inde,2003,64500,ha
Asie,Inde,2004,62135,ha
Asie,Inde,2005,65038,ha
Asie,Inde,2006,70950,ha
Asie,Inde,2007,69875,ha
Asie,Inde,2008,73100,ha
Asie,Inde,2009,86000,ha
Asie,Inde,2010,114380,ha
Asie,Inde,2011,119325,ha
Asie,Inde,2012,124700,ha
Asie,Inde,2013,126850,ha
Asie,Inde,2014,127646,ha
Asie,Inde,2015,129000,ha
Asie,Inde,2016,131150,ha
Asie,Inde,2017,147275,ha
Asie,Inde,2018,149425,ha
Asie,Inde,2019,150500,ha
Asie,"Iran, Republique Islamique",1995,252000,ha
Asie,"Iran, Republique Islamique",1996,262000,ha
Asie,"Iran, Republique Islamique",1997,275000,ha
Asie,"Iran, Republique Islamique",1998,282000,ha
Asie,"Iran, Republique Islamique",1999,288000,ha
Asie,"Iran, Republique Islamique",2000,292000,ha
Asie,"Iran, Republique Islamique",2001,301000,ha
Asie,"Iran, Republique Islamique",2002,302000,ha
Asie,"Iran, Republique Islamique",2003,315000,ha
Asie,"Iran, Republique Islamique",2004,328965,ha
Asie,"Iran, Republique Islamique",2005,330300,ha
Asie,"Iran, Republique Islamique",2006,297500,ha
Asie,"Iran, Republique Islamique",2007,264700,ha
Asie,"Iran, Republique Islamique",2008,231900,ha
Asie,"Iran, Republique Islamique",2009,219089,ha
Asie,"Iran, Republique Islamique",2010,221075,ha
Asie,"Iran, Republique Islamique",2011,225093,ha
Asie,"Iran, Republique Islamique",2012,225359,ha
Asie,"Iran, Republique Islamique",2013,220874,ha
Asie,"Iran, Republique Islamique",2014,216389,ha
Asie,"Iran, Republique Islamique",2015,217150,ha
Asie,"Iran, Republique Islamique",2016,168217,ha
Asie,"Iran, Republique Islamique",2017,152558,ha
Asie,"Iran, Republique Islamique",2018,167165,ha
Asie,"Iran, Republique Islamique",2019,166843,ha
Asie,Iraq,1995,16125,ha
Asie,Iraq,1996,16125,ha
Asie,Iraq,1997,13975,ha
Asie,Iraq,1998,13706,ha
Asie,Iraq,1999,13706,ha
Asie,Iraq,2000,13706,ha
Asie,Iraq,2001,13706,ha
Asie,Iraq,2002,13706,ha
Asie,Iraq,2003,13706,ha
Asie,Iraq,2004,8600,ha
Asie,Iraq,2005,8600,ha
Asie,Iraq,2006,8600,ha
Asie,Iraq,2007,9245,ha
Asie,Iraq,2008,10213,ha
Asie,Iraq,2009,9783,ha
Asie,Iraq,2010,11010,ha
Asie,Iraq,2011,11805,ha
Asie,Iraq,2012,12395,ha
Asie,Iraq,2013,13864,ha
Asie,Iraq,2014,12947,ha
Asie,Iraq,2015,10500,ha
Asie,Iraq,2016,8000,ha
Asie,Iraq,2017,6335,ha
Asie,Iraq,2018,6309,ha
Asie,Iraq,2019,6309,ha
Europe,Israel,1995,5508,ha
Europe,Israel,1996,5830,ha
Europe,Israel,1997,5930,ha
Europe,Israel,1998,6230,ha
Europe,Israel,1999,6500,ha
Europe,Israel,2000,7800,ha
Europe,Israel,2001,7100,ha
Europe,Israel,2002,7300,ha
Europe,Israel,2003,6900,ha
Europe,Israel,2004,6750,ha
Europe,Israel,2005,6900,ha
Europe,Israel,2006,6900,ha
Europe,Israel,2007,7180,ha
Europe,Israel,2008,6240,ha
Europe,Israel,2009,6240,ha
Europe,Israel,2010,7200,ha
Europe,Israel,2011,8500,ha
Europe,Israel,2012,8364,ha
Europe,Israel,2013,8714,ha
Europe,Israel,2014,8755,ha
Europe,Israel,2015,8643,ha
Europe,Israel,2016,8536,ha
Europe,Israel,2017,8536,ha
Europe,Israel,2018,8638,ha
Europe,Israel,2019,7989,ha
Europe,Italie,1995,926851,ha
Europe,Italie,1996,917481,ha
Europe,Italie,1997,909839,ha
Europe,Italie,1998,899673,ha
Europe,Italie,1999,908547,ha
Europe,Italie,2000,908000,ha
Europe,Italie,2001,892000,ha
Europe,Italie,2002,872000,ha
Europe,Italie,2003,862000,ha
Europe,Italie,2004,849000,ha
Europe,Italie,2005,804353,ha
Europe,Italie,2006,802886,ha
Europe,Italie,2007,805364,ha
Europe,Italie,2008,769107,ha
Europe,Italie,2009,757278,ha
Europe,Italie,2010,738908,ha
Europe,Italie,2011,719537,ha
Europe,Italie,2012,712844,ha
Europe,Italie,2013,705456,ha
Europe,Italie,2014,689839,ha
Europe,Italie,2015,685453,ha
Europe,Italie,2016,692726,ha
Europe,Italie,2017,699383,ha
Europe,Italie,2018,701282,ha
Europe,Italie,2019,713146,ha
Asie,Japon,1995,24000,ha
Asie,Japon,1996,23400,ha
Asie,Japon,1997,22800,ha
Asie,Japon,1998,22000,ha
Asie,Japon,1999,21800,ha
Asie,Japon,2000,21715,ha
Asie,Japon,2001,21393,ha
Asie,Japon,2002,20963,ha
Asie,Japon,2003,20855,ha
Asie,Japon,2004,20640,ha
Asie,Japon,2005,20425,ha
Asie,Japon,2006,20318,ha
Asie,Japon,2007,19800,ha
Asie,Japon,2008,19600,ha
Asie,Japon,2009,19673,ha
Asie,Japon,2010,19350,ha
Asie,Japon,2011,19135,ha
Asie,Japon,2012,18920,ha
Asie,Japon,2013,18705,ha
Asie,Japon,2014,18598,ha
Asie,Japon,2015,18383,ha
Asie,Japon,2016,18275,ha
Asie,Japon,2017,18168,ha
Asie,Japon,2018,17953,ha
Asie,Japon,2019,17845,ha
Asie,Jordanie,1995,2564,ha
Asie,Jordanie,1996,2606,ha
Asie,Jordanie,1997,3960,ha
Asie,Jordanie,1998,3983,ha
Asie,Jordanie,1999,3987,ha
Asie,Jordanie,2000,4019,ha
Asie,Jordanie,2001,4054,ha
Asie,Jordanie,2002,4197,ha
Asie,Jordanie,2003,3870,ha
Asie,Jordanie,2004,3870,ha
Asie,Jordanie,2005,3908,ha
Asie,Jordanie,2006,3919,ha
Asie,Jordanie,2007,3321,ha
Asie,Jordanie,2008,3343,ha
Asie,Jordanie,2009,3373,ha
Asie,Jordanie,2010,3439,ha
Asie,Jordanie,2011,4237,ha
Asie,Jordanie,2012,4248,ha
Asie,Jordanie,2013,4086,ha
Asie,Jordanie,2014,4091,ha
Asie,Jordanie,2015,4118,ha
Asie,Jordanie,2016,4180,ha
Asie,Jordanie,2017,3111,ha
Asie,Jordanie,2018,3168,ha
Asie,Jordanie,2019,3286,ha
Asie,Kazakstan,1995,15910,ha
Asie,Kazakstan,1996,13545,ha
Asie,Kazakstan,1997,11288,ha
Asie,Kazakstan,1998,9783,ha
Asie,Kazakstan,1999,10213,ha
Asie,Kazakstan,2000,11610,ha
Asie,Kazakstan,2001,11116,ha
Asie,Kazakstan,2002,11503,ha
Asie,Kazakstan,2003,10320,ha
Asie,Kazakstan,2004,9890,ha
Asie,Kazakstan,2005,9998,ha
Asie,Kazakstan,2006,9353,ha
Asie,Kazakstan,2007,9030,ha
Asie,Kazakstan,2008,9353,ha
Asie,Kazakstan,2009,10213,ha
Asie,Kazakstan,2010,10213,ha
Asie,Kazakstan,2011,10750,ha
Asie,Kazakstan,2012,11825,ha
Asie,Kazakstan,2013,14943,ha
Asie,Kazakstan,2014,15692,ha
Asie,Kazakstan,2015,15712,ha
Asie,Kazakstan,2016,15641,ha
Asie,Kazakstan,2017,15848,ha
Asie,Kazakstan,2018,15482,ha
Asie,Kazakstan,2019,15681,ha
Asie,Kirghizistan,1995,7203,ha
Asie,Kirghizistan,1996,6880,ha
Asie,Kirghizistan,1997,7848,ha
Asie,Kirghizistan,1998,8039,ha
Asie,Kirghizistan,1999,8070,ha
Asie,Kirghizistan,2000,7792,ha
Asie,Kirghizistan,2001,7977,ha
Asie,Kirghizistan,2002,8090,ha
Asie,Kirghizistan,2003,7014,ha
Asie,Kirghizistan,2004,6986,ha
Asie,Kirghizistan,2005,7040,ha
Asie,Kirghizistan,2006,7077,ha
Asie,Kirghizistan,2007,7119,ha
Asie,Kirghizistan,2008,6806,ha
Asie,Kirghizistan,2009,6532,ha
Asie,Kirghizistan,2010,6469,ha
Asie,Kirghizistan,2011,6564,ha
Asie,Kirghizistan,2012,5910,ha
Asie,Kirghizistan,2013,6278,ha
Asie,Kirghizistan,2014,6190,ha
Asie,Kirghizistan,2015,6075,ha
Asie,Kirghizistan,2016,6020,ha
Asie,Kirghizistan,2017,5284,ha
Asie,Kirghizistan,2018,5207,ha
Asie,Kirghizistan,2019,5202,ha
Asie,Liban,1995,29025,ha
Asie,Liban,1996,26064,ha
Asie,Liban,1997,17200,ha
Asie,Liban,1998,16448,ha
Asie,Liban,1999,16663,ha
Asie,Liban,2000,15158,ha
Asie,Liban,2001,14835,ha
Asie,Liban,2002,15339,ha
Asie,Liban,2003,14835,ha
Asie,Liban,2004,14943,ha
Asie,Liban,2005,13760,ha
Asie,Liban,2006,13900,ha
Asie,Liban,2007,14190,ha
Asie,Liban,2008,14190,ha
Asie,Liban,2009,13653,ha
Asie,Liban,2010,13975,ha
Asie,Liban,2011,14083,ha
Asie,Liban,2012,14250,ha
Asie,Liban,2013,14050,ha
Asie,Liban,2014,13500,ha
Asie,Liban,2015,12000,ha
Asie,Liban,2016,11226,ha
Asie,Liban,2017,10896,ha
Asie,Liban,2018,7041,ha
Asie,Liban,2019,7557,ha
Afrique,Libye,1995,6000,ha
Afrique,Libye,1996,7000,ha
Afrique,Libye,1997,8116,ha
Afrique,Libye,1998,8170,ha
Afrique,Libye,1999,8385,ha
Afrique,Libye,2000,8600,ha
Afrique,Libye,2001,8000,ha
Afrique,Libye,2002,9000,ha
Afrique,Libye,2003,9000,ha
Afrique,Libye,2004,9000,ha
Afrique,Libye,2005,9000,ha
Afrique,Libye,2006,9000,ha
Afrique,Libye,2007,9000,ha
Afrique,Libye,2008,8600,ha
Afrique,Libye,2009,8600,ha
Afrique,Libye,2010,9138,ha
Afrique,Libye,2011,8976,ha
Afrique,Libye,2012,8923,ha
Afrique,Libye,2013,8794,ha
Afrique,Libye,2014,8629,ha
Afrique,Libye,2015,8768,ha
Afrique,Libye,2016,8640,ha
Afrique,Libye,2017,8627,ha
Afrique,Libye,2018,8614,ha
Afrique,Libye,2019,8602,ha
Europe,Lituanie,1995,4000,ha
Europe,Lituanie,1996,4000,ha
Europe,Lituanie,1997,5000,ha
Europe,Lituanie,1998,5000,ha
Europe,Lituanie,1999,2000,ha
Europe,Luxembourg,1995,1389,ha
Europe,Luxembourg,1996,1350,ha
Europe,Luxembourg,1997,1346,ha
Europe,Luxembourg,1998,1352,ha
Europe,Luxembourg,1999,1348,ha
Europe,Luxembourg,2000,1343,ha
Europe,Luxembourg,2001,1342,ha
Europe,Luxembourg,2002,1407,ha
Europe,Luxembourg,2003,1407,ha
Europe,Luxembourg,2004,1000,ha
Europe,Luxembourg,2005,1301,ha
Europe,Luxembourg,2006,1300,ha
Europe,Luxembourg,2007,1279,ha
Europe,Luxembourg,2008,1286,ha
Europe,Luxembourg,2009,1237,ha
Europe,Luxembourg,2010,1220,ha
Europe,Luxembourg,2011,1220,ha
Europe,Luxembourg,2012,1222,ha
Europe,Luxembourg,2013,1239,ha
Europe,Luxembourg,2014,1246,ha
Europe,Luxembourg,2015,1250,ha
Europe,Luxembourg,2016,1256,ha
Europe,Luxembourg,2017,1258,ha
Europe,Luxembourg,2018,1249,ha
Europe,Luxembourg,2019,1241,ha
Afrique,Madagascar,1995,2137,ha
Afrique,Madagascar,1996,2160,ha
Afrique,Madagascar,1997,2182,ha
Afrique,Madagascar,1998,2195,ha
Afrique,Madagascar,1999,2276,ha
Afrique,Madagascar,2000,2244,ha
Afrique,Madagascar,2001,2278,ha
Afrique,Madagascar,2002,2309,ha
Afrique,Madagascar,2003,2351,ha
Afrique,Madagascar,2004,2353,ha
Afrique,Madagascar,2005,2376,ha
Afrique,Madagascar,2006,2473,ha
Afrique,Madagascar,2007,2688,ha
Afrique,Madagascar,2008,2728,ha
Afrique,Madagascar,2009,2738,ha
Afrique,Madagascar,2010,2736,ha
Afrique,Madagascar,2011,2720,ha
Afrique,Madagascar,2012,2688,ha
Afrique,Madagascar,2013,2688,ha
Afrique,Madagascar,2014,2679,ha
Afrique,Madagascar,2015,2713,ha
Afrique,Madagascar,2016,2706,ha
Afrique,Madagascar,2017,2705,ha
Afrique,Madagascar,2018,2704,ha
Afrique,Madagascar,2019,2704,ha
Europe,Malte,1995,1000,ha
Europe,Malte,1996,1000,ha
Europe,Malte,1997,650,ha
Europe,Malte,1998,300,ha
Europe,Malte,1999,300,ha
Europe,Malte,2000,317,ha
Europe,Malte,2001,460,ha
Europe,Malte,2002,482,ha
Europe,Malte,2003,550,ha
Europe,Malte,2004,591,ha
Europe,Malte,2005,710,ha
Europe,Malte,2006,591,ha
Europe,Malte,2007,860,ha
Europe,Malte,2008,860,ha
Europe,Malte,2009,1935,ha
Europe,Malte,2010,1828,ha
Europe,Malte,2011,1720,ha
Europe,Malte,2012,1742,ha
Europe,Malte,2013,668,ha
Europe,Malte,2014,658,ha
Europe,Malte,2015,594,ha
Europe,Malte,2016,535,ha
Europe,Malte,2017,430,ha
Europe,Malte,2018,416,ha
Europe,Malte,2019,411,ha
Afrique,Maroc,1995,49000,ha
Afrique,Maroc,1996,48400,ha
Afrique,Maroc,1997,49108,ha
Afrique,Maroc,1998,49850,ha
Afrique,Maroc,1999,49500,ha
Afrique,Maroc,2000,49600,ha
Afrique,Maroc,2001,49500,ha
Afrique,Maroc,2002,49930,ha
Afrique,Maroc,2003,50000,ha
Afrique,Maroc,2004,50000,ha
Afrique,Maroc,2005,50200,ha
Afrique,Maroc,2006,50400,ha
Afrique,Maroc,2007,48400,ha
Afrique,Maroc,2008,47200,ha
Afrique,Maroc,2009,48000,ha
Afrique,Maroc,2010,47425,ha
Afrique,Maroc,2011,48273,ha
Afrique,Maroc,2012,48391,ha
Afrique,Maroc,2013,46448,ha
Afrique,Maroc,2014,46573,ha
Afrique,Maroc,2015,47892,ha
Afrique,Maroc,2016,49455,ha
Afrique,Maroc,2017,46046,ha
Afrique,Maroc,2018,45478,ha
Afrique,Maroc,2019,45547,ha
Amerique,Mexique,1995,46049,ha
Amerique,Mexique,1996,44853,ha
Amerique,Mexique,1997,42401,ha
Amerique,Mexique,1998,42070,ha
Amerique,Mexique,1999,43170,ha
Amerique,Mexique,2000,42000,ha
Amerique,Mexique,2001,40000,ha
Amerique,Mexique,2002,39000,ha
Amerique,Mexique,2003,36000,ha
Amerique,Mexique,2004,35000,ha
Amerique,Mexique,2005,33000,ha
Amerique,Mexique,2006,30642,ha
Amerique,Mexique,2007,29763,ha
Amerique,Mexique,2008,27913,ha
Amerique,Mexique,2009,27872,ha
Amerique,Mexique,2010,27684,ha
Amerique,Mexique,2011,27831,ha
Amerique,Mexique,2012,28941,ha
Amerique,Mexique,2013,29444,ha
Amerique,Mexique,2014,29466,ha
Amerique,Mexique,2015,30195,ha
Amerique,Mexique,2016,31420,ha
Amerique,Mexique,2017,33714,ha
Amerique,Mexique,2018,36654,ha
Amerique,Mexique,2019,37035,ha
Europe,"Moldova, Republique",1995,193955,ha
Europe,"Moldova, Republique",1996,179003,ha
Europe,"Moldova, Republique",1997,173921,ha
Europe,"Moldova, Republique",1998,159300,ha
Europe,"Moldova, Republique",1999,149100,ha
Europe,"Moldova, Republique",2000,147000,ha
Europe,"Moldova, Republique",2001,155000,ha
Europe,"Moldova, Republique",2002,153000,ha
Europe,"Moldova, Republique",2003,148700,ha
Europe,"Moldova, Republique",2004,146000,ha
Europe,"Moldova, Republique",2005,148000,ha
Europe,"Moldova, Republique",2006,146100,ha
Europe,"Moldova, Republique",2007,150000,ha
Europe,"Moldova, Republique",2008,150000,ha
Europe,"Moldova, Republique",2009,148000,ha
Europe,"Moldova, Republique",2010,146000,ha
Europe,"Moldova, Republique",2011,142500,ha
Europe,"Moldova, Republique",2012,142200,ha
Europe,"Moldova, Republique",2013,137253,ha
Europe,"Moldova, Republique",2014,140400,ha
Europe,"Moldova, Republique",2015,139900,ha
Europe,"Moldova, Republique",2016,145000,ha
Europe,"Moldova, Republique",2017,151300,ha
Europe,"Moldova, Republique",2018,147000,ha
Europe,"Moldova, Republique",2019,142800,ha
Europe,Montenegro,2006,2526,ha
Europe,Montenegro,2007,2516,ha
Europe,Montenegro,2008,2526,ha
Europe,Montenegro,2009,2526,ha
Europe,Montenegro,2010,2563,ha
Europe,Montenegro,2011,2711,ha
Europe,Montenegro,2012,2843,ha
Europe,Montenegro,2013,2848,ha
Europe,Montenegro,2014,2793,ha
Europe,Montenegro,2015,2911,ha
Europe,Montenegro,2016,2989,ha
Europe,Montenegro,2017,3010,ha
Europe,Montenegro,2018,2999,ha
Europe,Montenegro,2019,3042,ha
Afrique,Namibie,1995,645,ha
Afrique,Namibie,1996,742,ha
Afrique,Namibie,1997,914,ha
Afrique,Namibie,1998,1054,ha
Afrique,Namibie,1999,1290,ha
Afrique,Namibie,2000,1075,ha
Afrique,Namibie,2001,1935,ha
Afrique,Namibie,2002,2526,ha
Afrique,Namibie,2003,2688,ha
Afrique,Namibie,2004,3333,ha
Afrique,Namibie,2005,4085,ha
Afrique,Namibie,2006,5160,ha
Afrique,Namibie,2007,5375,ha
Afrique,Namibie,2008,5421,ha
Afrique,Namibie,2009,5451,ha
Afrique,Namibie,2010,5913,ha
Afrique,Namibie,2011,6102,ha
Afrique,Namibie,2012,6235,ha
Afrique,Namibie,2013,6332,ha
Afrique,Namibie,2014,6450,ha
Afrique,Namibie,2015,7253,ha
Afrique,Namibie,2016,7273,ha
Afrique,Namibie,2017,8319,ha
Afrique,Namibie,2018,7515,ha
Afrique,Namibie,2019,7857,ha
Oceanie,Nouvelle-zelande,1995,7500,ha
Oceanie,Nouvelle-zelande,1996,7800,ha
Oceanie,Nouvelle-zelande,1997,9491,ha
Oceanie,Nouvelle-zelande,1998,10386,ha
Oceanie,Nouvelle-zelande,1999,11648,ha
Oceanie,Nouvelle-zelande,2000,13787,ha
Oceanie,Nouvelle-zelande,2001,15479,ha
Oceanie,Nouvelle-zelande,2002,17188,ha
Oceanie,Nouvelle-zelande,2003,19000,ha
Oceanie,Nouvelle-zelande,2004,21360,ha
Oceanie,Nouvelle-zelande,2005,25224,ha
Oceanie,Nouvelle-zelande,2006,27120,ha
Oceanie,Nouvelle-zelande,2007,30426,ha
Oceanie,Nouvelle-zelande,2008,34586,ha
Oceanie,Nouvelle-zelande,2009,36000,ha
Oceanie,Nouvelle-zelande,2010,37442,ha
Oceanie,Nouvelle-zelande,2011,36960,ha
Oceanie,Nouvelle-zelande,2012,37987,ha
Oceanie,Nouvelle-zelande,2013,38413,ha
Oceanie,Nouvelle-zelande,2014,38138,ha
Oceanie,Nouvelle-zelande,2015,38548,ha
Oceanie,Nouvelle-zelande,2016,37969,ha
Oceanie,Nouvelle-zelande,2017,38644,ha
Oceanie,Nouvelle-zelande,2018,38886,ha
Oceanie,Nouvelle-zelande,2019,39061,ha
Asie,Ouzbekistan,1995,101588,ha
Asie,Ouzbekistan,1996,104490,ha
Asie,Ouzbekistan,1997,103630,ha
Asie,Ouzbekistan,1998,86000,ha
Asie,Ouzbekistan,1999,108360,ha
Asie,Ouzbekistan,2000,106318,ha
Asie,Ouzbekistan,2001,107070,ha
Asie,Ouzbekistan,2002,108898,ha
Asie,Ouzbekistan,2003,104813,ha
Asie,Ouzbekistan,2004,104060,ha
Asie,Ouzbekistan,2005,106640,ha
Asie,Ouzbekistan,2006,108764,ha
Asie,Ouzbekistan,2007,106640,ha
Asie,Ouzbekistan,2008,109865,ha
Asie,Ouzbekistan,2009,113520,ha
Asie,Ouzbekistan,2010,115133,ha
Asie,Ouzbekistan,2011,119882,ha
Asie,Ouzbekistan,2012,119427,ha
Asie,Ouzbekistan,2013,122381,ha
Asie,Ouzbekistan,2014,127145,ha
Asie,Ouzbekistan,2015,132237,ha
Asie,Ouzbekistan,2016,131106,ha
Asie,Ouzbekistan,2017,111318,ha
Asie,Ouzbekistan,2018,108484,ha
Asie,Ouzbekistan,2019,112298,ha
Asie,Pakistan,1995,8383,ha
Asie,Pakistan,1996,8543,ha
Asie,Pakistan,1997,8724,ha
Asie,Pakistan,1998,8943,ha
Asie,Pakistan,1999,10400,ha
Asie,Pakistan,2000,12456,ha
Asie,Pakistan,2001,12737,ha
Asie,Pakistan,2002,12737,ha
Asie,Pakistan,2003,13184,ha
Asie,Pakistan,2004,13390,ha
Asie,Pakistan,2005,14100,ha
Asie,Pakistan,2006,14900,ha
Asie,Pakistan,2007,16470,ha
Asie,Pakistan,2008,16500,ha
Asie,Pakistan,2009,16460,ha
Asie,Pakistan,2010,16420,ha
Asie,Pakistan,2011,16450,ha
Asie,Pakistan,2012,16428,ha
Asie,Pakistan,2013,16501,ha
Asie,Pakistan,2014,16512,ha
Asie,Pakistan,2015,15883,ha
Asie,Pakistan,2016,15823,ha
Asie,Pakistan,2017,16903,ha
Asie,Pakistan,2018,16851,ha
Asie,Pakistan,2019,17534,ha
Amerique,Paraguay,1995,1405,ha
Amerique,Paraguay,1996,1405,ha
Amerique,Paraguay,1997,1425,ha
Amerique,Paraguay,1998,1420,ha
Amerique,Paraguay,1999,1301,ha
Amerique,Paraguay,2000,984,ha
Amerique,Paraguay,2001,987,ha
Amerique,Paraguay,2002,985,ha
Amerique,Paraguay,2003,406,ha
Amerique,Paraguay,2004,488,ha
Amerique,Paraguay,2005,505,ha
Amerique,Paraguay,2006,511,ha
Amerique,Paraguay,2007,538,ha
Amerique,Paraguay,2008,368,ha
Amerique,Paraguay,2009,376,ha
Amerique,Paraguay,2010,375,ha
Amerique,Paraguay,2011,375,ha
Amerique,Paraguay,2012,375,ha
Amerique,Paraguay,2013,375,ha
Amerique,Paraguay,2014,374,ha
Amerique,Paraguay,2015,371,ha
Amerique,Paraguay,2016,372,ha
Amerique,Paraguay,2017,376,ha
Amerique,Paraguay,2018,376,ha
Amerique,Paraguay,2019,376,ha
Asie,Philippines,1995,361,ha
Asie,Philippines,1996,356,ha
Asie,Philippines,1997,350,ha
Asie,Philippines,1998,375,ha
Asie,Philippines,1999,397,ha
Asie,Philippines,2000,395,ha
Asie,Philippines,2001,303,ha
Asie,Philippines,2002,291,ha
Asie,Philippines,2003,295,ha
Asie,Philippines,2004,474,ha
Asie,Philippines,2005,468,ha
Asie,Philippines,2006,427,ha
Asie,Philippines,2007,409,ha
Asie,Philippines,2008,407,ha
Asie,Philippines,2009,406,ha
Asie,Philippines,2010,405,ha
Asie,Philippines,2011,402,ha
Asie,Philippines,2012,398,ha
Asie,Philippines,2013,392,ha
Asie,Philippines,2014,392,ha
Asie,Philippines,2015,451,ha
Asie,Philippines,2016,457,ha
Asie,Philippines,2017,472,ha
Asie,Philippines,2018,447,ha
Asie,Philippines,2019,418,ha
Europe,Portugal,1995,260755,ha
Europe,Portugal,1996,259492,ha
Europe,Portugal,1997,259531,ha
Europe,Portugal,1998,260417,ha
Europe,Portugal,1999,260681,ha
Europe,Portugal,2000,244086,ha
Europe,Portugal,2001,249401,ha
Europe,Portugal,2002,250255,ha
Europe,Portugal,2003,249088,ha
Europe,Portugal,2004,245840,ha
Europe,Portugal,2005,247966,ha
Europe,Portugal,2006,247875,ha
Europe,Portugal,2007,246817,ha
Europe,Portugal,2008,246157,ha
Europe,Portugal,2009,242048,ha
Europe,Portugal,2010,236015,ha
Europe,Portugal,2011,236165,ha
Europe,Portugal,2012,233294,ha
Europe,Portugal,2013,229210,ha
Europe,Portugal,2014,223550,ha
Europe,Portugal,2015,203528,ha
Europe,Portugal,2016,195284,ha
Europe,Portugal,2017,193802,ha
Europe,Portugal,2018,192292,ha
Europe,Portugal,2019,194713,ha
Amerique,Perou,1995,11505,ha
Amerique,Perou,1996,12163,ha
Amerique,Perou,1997,13295,ha
Amerique,Perou,1998,11095,ha
Amerique,Perou,1999,11098,ha
Amerique,Perou,2000,11064,ha
Amerique,Perou,2001,12446,ha
Amerique,Perou,2002,11757,ha
Amerique,Perou,2003,11824,ha
Amerique,Perou,2004,12282,ha
Amerique,Perou,2005,12338,ha
Amerique,Perou,2006,12371,ha
Amerique,Perou,2007,13123,ha
Amerique,Perou,2008,14244,ha
Amerique,Perou,2009,14993,ha
Amerique,Perou,2010,18000,ha
Amerique,Perou,2011,21996,ha
Amerique,Perou,2012,25639,ha
Amerique,Perou,2013,27950,ha
Amerique,Perou,2014,30740,ha
Amerique,Perou,2015,33344,ha
Amerique,Perou,2016,35744,ha
Amerique,Perou,2017,37500,ha
Amerique,Perou,2018,40900,ha
Amerique,Perou,2019,48000,ha
Europe,Roumanie,1995,253203,ha
Europe,Roumanie,1996,255949,ha
Europe,Roumanie,1997,253533,ha
Europe,Roumanie,1998,253091,ha
Europe,Roumanie,1999,252582,ha
Europe,Roumanie,2000,248127,ha
Europe,Roumanie,2001,246713,ha
Europe,Roumanie,2002,243082,ha
Europe,Roumanie,2003,239351,ha
Europe,Roumanie,2004,222000,ha
Europe,Roumanie,2005,217000,ha
Europe,Roumanie,2006,213000,ha
Europe,Roumanie,2007,191998,ha
Europe,Roumanie,2008,192334,ha
Europe,Roumanie,2009,191694,ha
Europe,Roumanie,2010,191213,ha
Europe,Roumanie,2011,190942,ha
Europe,Roumanie,2012,192391,ha
Europe,Roumanie,2013,191689,ha
Europe,Roumanie,2014,192055,ha
Europe,Roumanie,2015,191459,ha
Europe,Roumanie,2016,191356,ha
Europe,Roumanie,2017,191275,ha
Europe,Roumanie,2018,191310,ha
Europe,Roumanie,2019,191181,ha
Europe,Royaume-uni,1995,984,ha
Europe,Royaume-uni,1996,965,ha
Europe,Royaume-uni,1997,945,ha
Europe,Royaume-uni,1998,901,ha
Europe,Royaume-uni,1999,812,ha
Europe,Royaume-uni,2000,862,ha
Europe,Royaume-uni,2001,845,ha
Europe,Royaume-uni,2002,765,ha
Europe,Royaume-uni,2003,773,ha
Europe,Royaume-uni,2004,907,ha
Europe,Royaume-uni,2005,960,ha
Europe,Royaume-uni,2006,806,ha
Europe,Royaume-uni,2007,753,ha
Europe,Royaume-uni,2008,753,ha
Europe,Royaume-uni,2009,780,ha
Europe,Royaume-uni,2010,635,ha
Europe,Royaume-uni,2011,602,ha
Europe,Royaume-uni,2012,568,ha
Europe,Royaume-uni,2013,522,ha
Europe,Royaume-uni,2014,500,ha
Europe,Royaume-uni,2015,473,ha
Europe,Royaume-uni,2016,397,ha
Europe,Royaume-uni,2017,347,ha
Europe,Royaume-uni,2018,293,ha
Europe,Royaume-uni,2019,234,ha
Europe,Republique Tcheque,1995,12280,ha
Europe,Republique Tcheque,1996,12960,ha
Europe,Republique Tcheque,1997,13259,ha
Europe,Republique Tcheque,1998,13429,ha
Europe,Republique Tcheque,1999,13545,ha
Europe,Republique Tcheque,2000,13650,ha
Europe,Republique Tcheque,2001,13700,ha
Europe,Republique Tcheque,2002,16000,ha
Europe,Republique Tcheque,2003,18700,ha
Europe,Republique Tcheque,2004,18700,ha
Europe,Republique Tcheque,2005,18600,ha
Europe,Republique Tcheque,2006,18400,ha
Europe,Republique Tcheque,2007,17660,ha
Europe,Republique Tcheque,2008,17417,ha
Europe,Republique Tcheque,2009,17348,ha
Europe,Republique Tcheque,2010,17306,ha
Europe,Republique Tcheque,2011,17000,ha
Europe,Republique Tcheque,2012,16842,ha
Europe,Republique Tcheque,2013,16828,ha
Europe,Republique Tcheque,2014,16967,ha
Europe,Republique Tcheque,2015,16994,ha
Europe,Republique Tcheque,2016,17764,ha
Europe,Republique Tcheque,2017,17930,ha
Europe,Republique Tcheque,2018,18130,ha
Europe,Republique Tcheque,2019,18189,ha
Asie,Republique Arabe Syrienne,1995,72348,ha
Asie,Republique Arabe Syrienne,1996,75321,ha
Asie,Republique Arabe Syrienne,1997,74605,ha
Asie,Republique Arabe Syrienne,1998,74707,ha
Asie,Republique Arabe Syrienne,1999,75115,ha
Asie,Republique Arabe Syrienne,2000,74485,ha
Asie,Republique Arabe Syrienne,2001,73977,ha
Asie,Republique Arabe Syrienne,2002,56370,ha
Asie,Republique Arabe Syrienne,2003,46000,ha
Asie,Republique Arabe Syrienne,2004,52000,ha
Asie,Republique Arabe Syrienne,2005,58025,ha
Asie,Republique Arabe Syrienne,2006,59878,ha
Asie,Republique Arabe Syrienne,2007,58910,ha
Asie,Republique Arabe Syrienne,2008,58803,ha
Asie,Republique Arabe Syrienne,2009,59985,ha
Asie,Republique Arabe Syrienne,2010,56134,ha
Asie,Republique Arabe Syrienne,2011,49767,ha
Asie,Republique Arabe Syrienne,2012,49464,ha
Asie,Republique Arabe Syrienne,2013,50333,ha
Asie,Republique Arabe Syrienne,2014,50230,ha
Asie,Republique Arabe Syrienne,2015,50203,ha
Asie,Republique Arabe Syrienne,2016,50203,ha
Asie,Republique Arabe Syrienne,2017,48965,ha
Asie,Republique Arabe Syrienne,2018,48162,ha
Asie,Republique Arabe Syrienne,2019,48569,ha
Europe,Republique De Macedoine Du Nord,1995,32111,ha
Europe,Republique De Macedoine Du Nord,1996,30550,ha
Europe,Republique De Macedoine Du Nord,1997,30183,ha
Europe,Republique De Macedoine Du Nord,1998,30973,ha
Europe,Republique De Macedoine Du Nord,1999,28918,ha
Europe,Republique De Macedoine Du Nord,2000,28488,ha
Europe,Republique De Macedoine Du Nord,2001,29885,ha
Europe,Republique De Macedoine Du Nord,2002,29563,ha
Europe,Republique De Macedoine Du Nord,2003,28520,ha
Europe,Republique De Macedoine Du Nord,2004,26875,ha
Europe,Republique De Macedoine Du Nord,2005,26000,ha
Europe,Republique De Macedoine Du Nord,2006,24400,ha
Europe,Republique De Macedoine Du Nord,2007,22910,ha
Europe,Republique De Macedoine Du Nord,2008,23302,ha
Europe,Republique De Macedoine Du Nord,2009,21457,ha
Europe,Republique De Macedoine Du Nord,2010,21535,ha
Europe,Republique De Macedoine Du Nord,2011,21676,ha
Europe,Republique De Macedoine Du Nord,2012,22519,ha
Europe,Republique De Macedoine Du Nord,2013,22692,ha
Europe,Republique De Macedoine Du Nord,2014,24430,ha
Europe,Republique De Macedoine Du Nord,2015,24637,ha
Europe,Republique De Macedoine Du Nord,2016,24931,ha
Europe,Republique De Macedoine Du Nord,2017,25153,ha
Europe,Republique De Macedoine Du Nord,2018,25445,ha
Europe,Republique De Macedoine Du Nord,2019,25796,ha
Afrique,Reunion,1995,22,ha
Afrique,Reunion,1996,22,ha
Afrique,Reunion,1997,22,ha
Afrique,Reunion,1998,22,ha
Afrique,Reunion,1999,22,ha
Afrique,Reunion,2000,22,ha
Afrique,Reunion,2001,22,ha
Afrique,Reunion,2002,22,ha
Afrique,Reunion,2003,22,ha
Afrique,Reunion,2004,22,ha
Afrique,Reunion,2005,22,ha
Afrique,Reunion,2006,23,ha
Afrique,Reunion,2007,22,ha
Afrique,Reunion,2008,25,ha
Afrique,Reunion,2009,28,ha
Afrique,Reunion,2010,32,ha
Afrique,Reunion,2011,31,ha
Afrique,Reunion,2012,32,ha
Afrique,Reunion,2013,31,ha
Afrique,Reunion,2014,31,ha
Afrique,Reunion,2015,35,ha
Afrique,Reunion,2016,38,ha
Afrique,Reunion,2017,39,ha
Afrique,Reunion,2018,41,ha
Afrique,Reunion,2019,41,ha
Asie,Serbie Et Montenegro,1995,90985,ha
Asie,Serbie Et Montenegro,1996,86372,ha
Asie,Serbie Et Montenegro,1997,82688,ha
Asie,Serbie Et Montenegro,1998,79800,ha
Asie,Serbie Et Montenegro,1999,72000,ha
Asie,Serbie Et Montenegro,2000,72000,ha
Asie,Serbie Et Montenegro,2001,73000,ha
Asie,Serbie Et Montenegro,2002,72000,ha
Asie,Serbie Et Montenegro,2003,71000,ha
Asie,Serbie Et Montenegro,2004,75120,ha
Asie,Serbie Et Montenegro,2005,76873,ha
Europe,Serbie,2006,66811,ha
Europe,Serbie,2007,59100,ha
Europe,Serbie,2008,58300,ha
Europe,Serbie,2009,60000,ha
Europe,Serbie,2010,50918,ha
Europe,Serbie,2011,49239,ha
Europe,Serbie,2012,38398,ha
Europe,Serbie,2013,22791,ha
Europe,Serbie,2014,22791,ha
Europe,Serbie,2015,22150,ha
Europe,Serbie,2016,22150,ha
Europe,Serbie,2017,22150,ha
Europe,Serbie,2018,21328,ha
Europe,Serbie,2019,21328,ha
Europe,Slovaquie,1995,25144,ha
Europe,Slovaquie,1996,23746,ha
Europe,Slovaquie,1997,24392,ha
Europe,Slovaquie,1998,20982,ha
Europe,Slovaquie,1999,20430,ha
Europe,Slovaquie,2000,18000,ha
Europe,Slovaquie,2001,17000,ha
Europe,Slovaquie,2002,17000,ha
Europe,Slovaquie,2003,18000,ha
Europe,Slovaquie,2004,19000,ha
Europe,Slovaquie,2005,20000,ha
Europe,Slovaquie,2006,18000,ha
Europe,Slovaquie,2007,17600,ha
Europe,Slovaquie,2008,17400,ha
Europe,Slovaquie,2009,20625,ha
Europe,Slovaquie,2010,19634,ha
Europe,Slovaquie,2011,18971,ha
Europe,Slovaquie,2012,18705,ha
Europe,Slovaquie,2013,18512,ha
Europe,Slovaquie,2014,18046,ha
Europe,Slovaquie,2015,18240,ha
Europe,Slovaquie,2016,18437,ha
Europe,Slovaquie,2017,16610,ha
Europe,Slovaquie,2018,15415,ha
Europe,Slovaquie,2019,15358,ha
Europe,Slovenie,1995,23000,ha
Europe,Slovenie,1996,17736,ha
Europe,Slovenie,1997,17420,ha
Europe,Slovenie,1998,17388,ha
Europe,Slovenie,1999,16591,ha
Europe,Slovenie,2000,16602,ha
Europe,Slovenie,2001,16800,ha
Europe,Slovenie,2002,16800,ha
Europe,Slovenie,2003,17000,ha
Europe,Slovenie,2004,17802,ha
Europe,Slovenie,2005,17660,ha
Europe,Slovenie,2006,17630,ha
Europe,Slovenie,2007,17308,ha
Europe,Slovenie,2008,17000,ha
Europe,Slovenie,2009,16878,ha
Europe,Slovenie,2010,16000,ha
Europe,Slovenie,2011,16000,ha
Europe,Slovenie,2012,17578,ha
Europe,Slovenie,2013,17291,ha
Europe,Slovenie,2014,15950,ha
Europe,Slovenie,2015,15700,ha
Europe,Slovenie,2016,15604,ha
Europe,Slovenie,2017,15593,ha
Europe,Slovenie,2018,15630,ha
Europe,Slovenie,2019,15630,ha
Europe,Suisse,1995,14871,ha
Europe,Suisse,1996,14898,ha
Europe,Suisse,1997,14934,ha
Europe,Suisse,1998,14991,ha
Europe,Suisse,1999,15042,ha
Europe,Suisse,2000,15058,ha
Europe,Suisse,2001,15084,ha
Europe,Suisse,2002,15014,ha
Europe,Suisse,2003,14929,ha
Europe,Suisse,2004,14937,ha
Europe,Suisse,2005,14903,ha
Europe,Suisse,2006,14885,ha
Europe,Suisse,2007,14846,ha
Europe,Suisse,2008,14840,ha
Europe,Suisse,2009,14820,ha
Europe,Suisse,2010,14978,ha
Europe,Suisse,2011,15000,ha
Europe,Suisse,2012,14900,ha
Europe,Suisse,2013,14883,ha
Europe,Suisse,2014,14835,ha
Europe,Suisse,2015,14793,ha
Europe,Suisse,2016,14780,ha
Europe,Suisse,2017,14750,ha
Europe,Suisse,2018,14712,ha
Europe,Suisse,2019,14704,ha
Asie,Tadjikistan,1995,33863,ha
Asie,Tadjikistan,1996,33325,ha
Asie,Tadjikistan,1997,33325,ha
Asie,Tadjikistan,1998,33325,ha
Asie,Tadjikistan,1999,34938,ha
Asie,Tadjikistan,2000,36228,ha
Asie,Tadjikistan,2001,35841,ha
Asie,Tadjikistan,2002,35513,ha
Asie,Tadjikistan,2003,32204,ha
Asie,Tadjikistan,2004,33540,ha
Asie,Tadjikistan,2005,34400,ha
Asie,Tadjikistan,2006,34723,ha
Asie,Tadjikistan,2007,36300,ha
Asie,Tadjikistan,2008,35500,ha
Asie,Tadjikistan,2009,38717,ha
Asie,Tadjikistan,2010,39919,ha
Asie,Tadjikistan,2011,39246,ha
Asie,Tadjikistan,2012,39249,ha
Asie,Tadjikistan,2013,40648,ha
Asie,Tadjikistan,2014,38834,ha
Asie,Tadjikistan,2015,34142,ha
Asie,Tadjikistan,2016,34276,ha
Asie,Tadjikistan,2017,35594,ha
Asie,Tadjikistan,2018,35752,ha
Asie,Tadjikistan,2019,36281,ha
Afrique,"Tanzanie, Republique-unie",1995,2500,ha
Afrique,"Tanzanie, Republique-unie",1996,2500,ha
Afrique,"Tanzanie, Republique-unie",1997,2200,ha
Afrique,"Tanzanie, Republique-unie",1998,2300,ha
Afrique,"Tanzanie, Republique-unie",1999,2500,ha
Afrique,"Tanzanie, Republique-unie",2000,2600,ha
Afrique,"Tanzanie, Republique-unie",2001,2600,ha
Afrique,"Tanzanie, Republique-unie",2002,2600,ha
Afrique,"Tanzanie, Republique-unie",2003,2600,ha
Afrique,"Tanzanie, Republique-unie",2004,2761,ha
Afrique,"Tanzanie, Republique-unie",2005,2747,ha
Afrique,"Tanzanie, Republique-unie",2006,3333,ha
Afrique,"Tanzanie, Republique-unie",2007,3548,ha
Afrique,"Tanzanie, Republique-unie",2008,3225,ha
Afrique,"Tanzanie, Republique-unie",2009,3333,ha
Afrique,"Tanzanie, Republique-unie",2010,3763,ha
Afrique,"Tanzanie, Republique-unie",2011,3850,ha
Afrique,"Tanzanie, Republique-unie",2012,1613,ha
Afrique,"Tanzanie, Republique-unie",2013,1118,ha
Afrique,"Tanzanie, Republique-unie",2014,1200,ha
Afrique,"Tanzanie, Republique-unie",2015,1324,ha
Afrique,"Tanzanie, Republique-unie",2016,1195,ha
Afrique,"Tanzanie, Republique-unie",2017,1130,ha
Afrique,"Tanzanie, Republique-unie",2018,1213,ha
Afrique,"Tanzanie, Republique-unie",2019,1213,ha
Asie,"Taiwan, Chine",1995,5238,ha
Asie,"Taiwan, Chine",1996,5137,ha
Asie,"Taiwan, Chine",1997,2566,ha
Asie,"Taiwan, Chine",1998,2902,ha
Asie,"Taiwan, Chine",1999,3032,ha
Asie,"Taiwan, Chine",2000,3088,ha
Asie,"Taiwan, Chine",2001,3013,ha
Asie,"Taiwan, Chine",2002,3030,ha
Asie,"Taiwan, Chine",2003,3077,ha
Asie,"Taiwan, Chine",2004,3133,ha
Asie,"Taiwan, Chine",2005,3326,ha
Asie,"Taiwan, Chine",2006,3428,ha
Asie,"Taiwan, Chine",2007,3306,ha
Asie,"Taiwan, Chine",2008,3266,ha
Asie,"Taiwan, Chine",2009,3225,ha
Asie,"Taiwan, Chine",2010,3372,ha
Asie,"Taiwan, Chine",2011,3283,ha
Asie,"Taiwan, Chine",2012,3269,ha
Asie,"Taiwan, Chine",2013,3130,ha
Asie,"Taiwan, Chine",2014,3119,ha
Asie,"Taiwan, Chine",2015,3165,ha
Asie,"Taiwan, Chine",2016,3083,ha
Asie,"Taiwan, Chine",2017,3040,ha
Asie,"Taiwan, Chine",2018,2994,ha
Asie,"Taiwan, Chine",2019,2919,ha
Asie,Thailande,1995,2600,ha
Asie,Thailande,1996,2850,ha
Asie,Thailande,1997,2531,ha
Asie,Thailande,1998,2772,ha
Asie,Thailande,1999,3919,ha
Asie,Thailande,2000,4000,ha
Asie,Thailande,2001,4000,ha
Asie,Thailande,2002,4000,ha
Asie,Thailande,2003,2903,ha
Asie,Thailande,2004,2903,ha
Asie,Thailande,2005,3655,ha
Asie,Thailande,2006,4085,ha
Asie,Thailande,2007,4480,ha
Asie,Thailande,2008,4560,ha
Asie,Thailande,2009,4650,ha
Asie,Thailande,2010,4758,ha
Asie,Thailande,2011,4814,ha
Asie,Thailande,2012,4732,ha
Asie,Thailande,2013,4784,ha
Asie,Thailande,2014,4838,ha
Asie,Thailande,2015,4878,ha
Asie,Thailande,2016,5002,ha
Asie,Thailande,2017,5248,ha
Asie,Thailande,2018,5279,ha
Asie,Thailande,2019,5354,ha
Afrique,Tunisie,1995,27729,ha
Afrique,Tunisie,1996,27630,ha
Afrique,Tunisie,1997,27233,ha
Afrique,Tunisie,1998,27272,ha
Afrique,Tunisie,1999,28200,ha
Afrique,Tunisie,2000,28758,ha
Afrique,Tunisie,2001,33325,ha
Afrique,Tunisie,2002,28141,ha
Afrique,Tunisie,2003,23553,ha
Afrique,Tunisie,2004,24871,ha
Afrique,Tunisie,2005,25771,ha
Afrique,Tunisie,2006,31175,ha
Afrique,Tunisie,2007,26875,ha
Afrique,Tunisie,2008,30530,ha
Afrique,Tunisie,2009,29778,ha
Afrique,Tunisie,2010,25325,ha
Afrique,Tunisie,2011,26978,ha
Afrique,Tunisie,2012,22291,ha
Afrique,Tunisie,2013,24274,ha
Afrique,Tunisie,2014,25123,ha
Afrique,Tunisie,2015,23715,ha
Afrique,Tunisie,2016,21715,ha
Afrique,Tunisie,2017,24020,ha
Afrique,Tunisie,2018,24569,ha
Afrique,Tunisie,2019,28207,ha
Asie,Turkmenistan,1995,22575,ha
Asie,Turkmenistan,1996,16125,ha
Asie,Turkmenistan,1997,21500,ha
Asie,Turkmenistan,1998,15050,ha
Asie,Turkmenistan,1999,12900,ha
Asie,Turkmenistan,2000,12900,ha
Asie,Turkmenistan,2001,16125,ha
Asie,Turkmenistan,2002,17200,ha
Asie,Turkmenistan,2003,18275,ha
Asie,Turkmenistan,2004,17200,ha
Asie,Turkmenistan,2005,16125,ha
Asie,Turkmenistan,2006,19350,ha
Asie,Turkmenistan,2007,22253,ha
Asie,Turkmenistan,2008,18705,ha
Asie,Turkmenistan,2009,18275,ha
Asie,Turkmenistan,2010,18275,ha
Asie,Turkmenistan,2011,18275,ha
Asie,Turkmenistan,2012,18275,ha
Asie,Turkmenistan,2013,18275,ha
Asie,Turkmenistan,2014,18275,ha
Asie,Turkmenistan,2015,18813,ha
Asie,Turkmenistan,2016,18813,ha
Asie,Turkmenistan,2017,18813,ha
Asie,Turkmenistan,2018,18994,ha
Asie,Turkmenistan,2019,19673,ha
Asie,Turquie,1995,607375,ha
Asie,Turquie,1996,602000,ha
Asie,Turquie,1997,585875,ha
Asie,Turquie,1998,581575,ha
Asie,Turquie,1999,575125,ha
Asie,Turquie,2000,575125,ha
Asie,Turquie,2001,564375,ha
Asie,Turquie,2002,570000,ha
Asie,Turquie,2003,570000,ha
Asie,Turquie,2004,559000,ha
Asie,Turquie,2005,554700,ha
Asie,Turquie,2006,552363,ha
Asie,Turquie,2007,520956,ha
Asie,Turquie,2008,517827,ha
Asie,Turquie,2009,514951,ha
Asie,Turquie,2010,513620,ha
Asie,Turquie,2011,507986,ha
Asie,Turquie,2012,496968,ha
Asie,Turquie,2013,503950,ha
Asie,Turquie,2014,502125,ha
Asie,Turquie,2015,496603,ha
Asie,Turquie,2016,467869,ha
Asie,Turquie,2017,448176,ha
Asie,Turquie,2018,448319,ha
Asie,Turquie,2019,435846,ha
Europe,Ukraine,1995,155000,ha
Europe,Ukraine,1996,144397,ha
Europe,Ukraine,1997,132118,ha
Europe,Ukraine,1998,120723,ha
Europe,Ukraine,1999,116000,ha
Europe,Ukraine,2000,110000,ha
Europe,Ukraine,2001,105000,ha
Europe,Ukraine,2002,103000,ha
Europe,Ukraine,2003,99300,ha
Europe,Ukraine,2004,97100,ha
Europe,Ukraine,2005,95500,ha
Europe,Ukraine,2006,93000,ha
Europe,Ukraine,2007,93300,ha
Europe,Ukraine,2008,92900,ha
Europe,Ukraine,2009,91300,ha
Europe,Ukraine,2010,87000,ha
Europe,Ukraine,2011,84100,ha
Europe,Ukraine,2012,77600,ha
Europe,Ukraine,2013,75100,ha
Europe,Ukraine,2014,48700,ha
Europe,Ukraine,2015,45400,ha
Europe,Ukraine,2016,45100,ha
Europe,Ukraine,2017,43500,ha
Europe,Ukraine,2018,43000,ha
Europe,Ukraine,2019,41800,ha
Amerique,Uruguay,1995,10140,ha
Amerique,Uruguay,1996,10140,ha
Amerique,Uruguay,1997,10140,ha
Amerique,Uruguay,1998,10750,ha
Amerique,Uruguay,1999,10213,ha
Amerique,Uruguay,2000,9831,ha
Amerique,Uruguay,2001,9746,ha
Amerique,Uruguay,2002,9828,ha
Amerique,Uruguay,2003,9890,ha
Amerique,Uruguay,2004,9000,ha
Amerique,Uruguay,2005,9000,ha
Amerique,Uruguay,2006,9219,ha
Amerique,Uruguay,2007,9301,ha
Amerique,Uruguay,2008,9141,ha
Amerique,Uruguay,2009,8737,ha
Amerique,Uruguay,2010,8602,ha
Amerique,Uruguay,2011,8502,ha
Amerique,Uruguay,2012,8624,ha
Amerique,Uruguay,2013,8441,ha
Amerique,Uruguay,2014,8079,ha
Amerique,Uruguay,2015,7517,ha
Amerique,Uruguay,2016,7251,ha
Amerique,Uruguay,2017,7054,ha
Amerique,Uruguay,2018,6819,ha
Amerique,Uruguay,2019,6605,ha
Amerique,Venezuela,1995,815,ha
Amerique,Venezuela,1996,837,ha
Amerique,Venezuela,1997,853,ha
Amerique,Venezuela,1998,891,ha
Amerique,Venezuela,1999,807,ha
Amerique,Venezuela,2000,800,ha
Amerique,Venezuela,2001,688,ha
Amerique,Venezuela,2002,700,ha
Amerique,Venezuela,2003,707,ha
Amerique,Venezuela,2004,1000,ha
Amerique,Venezuela,2005,920,ha
Amerique,Venezuela,2006,988,ha
Amerique,Venezuela,2007,1155,ha
Amerique,Venezuela,2008,1494,ha
Amerique,Venezuela,2009,1000,ha
Amerique,Venezuela,2010,1091,ha
Amerique,Venezuela,2011,1561,ha
Amerique,Venezuela,2012,1048,ha
Amerique,Venezuela,2013,1253,ha
Amerique,Venezuela,2014,1270,ha
Amerique,Venezuela,2015,1259,ha
Amerique,Venezuela,2016,1342,ha
Amerique,Venezuela,2017,1342,ha
Amerique,Venezuela,2018,1234,ha
Amerique,Venezuela,2019,1310,ha
Asie,Vietnam,1999,2043,ha
Asie,Vietnam,2000,2009,ha
Asie,Vietnam,2001,1944,ha
Asie,Vietnam,2002,1864,ha
Asie,Vietnam,2003,2043,ha
Asie,Vietnam,2004,1828,ha
Asie,Vietnam,2005,1935,ha
Asie,Vietnam,2006,1613,ha
Asie,Vietnam,2007,1398,ha
Asie,Vietnam,2008,1290,ha
Asie,Vietnam,2009,1075,ha
Asie,Vietnam,2010,860,ha
Asie,Vietnam,2011,712,ha
Asie,Vietnam,2012,796,ha
Asie,Vietnam,2013,808,ha
Asie,Vietnam,2014,905,ha
Asie,Vietnam,2015,1228,ha
Asie,Vietnam,2016,1362,ha
Asie,Vietnam,2017,1310,ha
Asie,Vietnam,2018,1470,ha
Asie,Vietnam,2019,1303,ha
Asie,Yemen,1995,22689,ha
Asie,Yemen,1996,22800,ha
Asie,Yemen,1997,22813,ha
Asie,Yemen,1998,23726,ha
Asie,Yemen,1999,24093,ha
Asie,Yemen,2000,24318,ha
Asie,Yemen,2001,24372,ha
Asie,Yemen,2002,24506,ha
Asie,Yemen,2003,24585,ha
Asie,Yemen,2004,21000,ha
Asie,Yemen,2005,17000,ha
Asie,Yemen,2006,13485,ha
Asie,Yemen,2007,13352,ha
Asie,Yemen,2008,14166,ha
Asie,Yemen,2009,14500,ha
Asie,Yemen,2010,14668,ha
Asie,Yemen,2011,14488,ha
Asie,Yemen,2012,14547,ha
Asie,Yemen,2013,14634,ha
Asie,Yemen,2014,14457,ha
Asie,Yemen,2015,14239,ha
Asie,Yemen,2016,12625,ha
Asie,Yemen,2017,12569,ha
Asie,Yemen,2018,12548,ha
Asie,Yemen,2019,12668,ha
Afrique,Zimbabwe,1995,376,ha
Afrique,Zimbabwe,1996,367,ha
Afrique,Zimbabwe,1997,368,ha
Afrique,Zimbabwe,1998,376,ha
Afrique,Zimbabwe,1999,378,ha
Afrique,Zimbabwe,2000,384,ha
Afrique,Zimbabwe,2001,387,ha
Afrique,Zimbabwe,2002,391,ha
Afrique,Zimbabwe,2003,398,ha
Afrique,Zimbabwe,2004,399,ha
Afrique,Zimbabwe,2005,403,ha
Afrique,Zimbabwe,2006,409,ha
Afrique,Zimbabwe,2007,419,ha
Afrique,Zimbabwe,2008,416,ha
Afrique,Zimbabwe,2009,418,ha
Afrique,Zimbabwe,2010,421,ha
Afrique,Zimbabwe,2011,424,ha
Afrique,Zimbabwe,2012,419,ha
Afrique,Zimbabwe,2013,419,ha
Afrique,Zimbabwe,2014,429,ha
Afrique,Zimbabwe,2015,436,ha
Afrique,Zimbabwe,2016,434,ha
Afrique,Zimbabwe,2017,436,ha
Afrique,Zimbabwe,2018,439,ha
Afrique,Zimbabwe,2019,440,ha
