Continent,Pays,Année,Production de vin,Unité
Afrique,Afrique Du Sud,1995,8339,1000hl
Afrique,Afrique Du Sud,1996,8451,1000hl
Afrique,Afrique Du Sud,1997,8115,1000hl
Afrique,Afrique Du Sud,1998,7703,1000hl
Afrique,Afrique Du Sud,1999,7968,1000hl
Afrique,Afrique Du Sud,2000,6949,1000hl
Afrique,Afrique Du Sud,2001,6471,1000hl
Afrique,Afrique Du Sud,2002,7189,1000hl
Afrique,Afrique Du Sud,2003,8853,1000hl
Afrique,Afrique Du Sud,2004,9279,1000hl
Afrique,Afrique Du Sud,2005,8406,1000hl
Afrique,Afrique Du Sud,2006,9398,1000hl
Afrique,Afrique Du Sud,2007,9783,1000hl
Afrique,Afrique Du Sud,2008,10165,1000hl
Afrique,Afrique Du Sud,2009,9986,1000hl
Afrique,Afrique Du Sud,2010,9327,1000hl
Afrique,Afrique Du Sud,2011,9725,1000hl
Afrique,Afrique Du Sud,2012,10569,1000hl
Afrique,Afrique Du Sud,2013,10982,1000hl
Afrique,Afrique Du Sud,2014,11460,1000hl
Afrique,Afrique Du Sud,2015,11231,1000hl
Afrique,Afrique Du Sud,2016,10531,1000hl
Afrique,Afrique Du Sud,2017,10820,1000hl
Afrique,Afrique Du Sud,2018,9503,1000hl
Afrique,Afrique Du Sud,2019,9705,1000hl
Europe,Albanie,1995,169,1000hl
Europe,Albanie,1996,293,1000hl
Europe,Albanie,1997,168,1000hl
Europe,Albanie,1998,105,1000hl
Europe,Albanie,1999,127,1000hl
Europe,Albanie,2000,74,1000hl
Europe,Albanie,2001,142,1000hl
Europe,Albanie,2002,66,1000hl
Europe,Albanie,2003,92,1000hl
Europe,Albanie,2004,140,1000hl
Europe,Albanie,2005,171,1000hl
Europe,Albanie,2006,170,1000hl
Europe,Albanie,2007,178,1000hl
Europe,Albanie,2008,161,1000hl
Europe,Albanie,2009,175,1000hl
Europe,Albanie,2010,300,1000hl
Europe,Albanie,2011,380,1000hl
Europe,Albanie,2012,370,1000hl
Europe,Albanie,2013,380,1000hl
Europe,Albanie,2014,175,1000hl
Europe,Albanie,2015,164,1000hl
Europe,Albanie,2016,178,1000hl
Europe,Albanie,2017,172,1000hl
Europe,Albanie,2018,160,1000hl
Europe,Albanie,2019,160,1000hl
Afrique,Algérie,1995,571,1000hl
Afrique,Algérie,1996,392,1000hl
Afrique,Algérie,1997,357,1000hl
Afrique,Algérie,1998,360,1000hl
Afrique,Algérie,1999,422,1000hl
Afrique,Algérie,2000,424,1000hl
Afrique,Algérie,2001,420,1000hl
Afrique,Algérie,2002,700,1000hl
Afrique,Algérie,2003,820,1000hl
Afrique,Algérie,2004,850,1000hl
Afrique,Algérie,2005,900,1000hl
Afrique,Algérie,2006,1050,1000hl
Afrique,Algérie,2007,520,1000hl
Afrique,Algérie,2008,500,1000hl
Afrique,Algérie,2009,588,1000hl
Afrique,Algérie,2010,475,1000hl
Afrique,Algérie,2011,480,1000hl
Afrique,Algérie,2012,492,1000hl
Afrique,Algérie,2013,498,1000hl
Afrique,Algérie,2014,520,1000hl
Afrique,Algérie,2015,500,1000hl
Afrique,Algérie,2016,500,1000hl
Afrique,Algérie,2017,621,1000hl
Afrique,Algérie,2018,543,1000hl
Afrique,Algérie,2019,600,1000hl
Europe,Allemagne,1995,8510,1000hl
Europe,Allemagne,1996,8642,1000hl
Europe,Allemagne,1997,8495,1000hl
Europe,Allemagne,1998,10834,1000hl
Europe,Allemagne,1999,12123,1000hl
Europe,Allemagne,2000,9852,1000hl
Europe,Allemagne,2001,8891,1000hl
Europe,Allemagne,2002,9885,1000hl
Europe,Allemagne,2003,8191,1000hl
Europe,Allemagne,2004,10007,1000hl
Europe,Allemagne,2005,9153,1000hl
Europe,Allemagne,2006,8916,1000hl
Europe,Allemagne,2007,10261,1000hl
Europe,Allemagne,2008,9991,1000hl
Europe,Allemagne,2009,9228,1000hl
Europe,Allemagne,2010,6906,1000hl
Europe,Allemagne,2011,9132,1000hl
Europe,Allemagne,2012,9012,1000hl
Europe,Allemagne,2013,8409,1000hl
Europe,Allemagne,2014,9202,1000hl
Europe,Allemagne,2015,8819,1000hl
Europe,Allemagne,2016,9013,1000hl
Europe,Allemagne,2017,7462,1000hl
Europe,Allemagne,2018,10268,1000hl
Europe,Allemagne,2019,8218,1000hl
Amérique,Argentine,1995,16443,1000hl
Amérique,Argentine,1996,12681,1000hl
Amérique,Argentine,1997,13500,1000hl
Amérique,Argentine,1998,12673,1000hl
Amérique,Argentine,1999,15888,1000hl
Amérique,Argentine,2000,12537,1000hl
Amérique,Argentine,2001,15835,1000hl
Amérique,Argentine,2002,12695,1000hl
Amérique,Argentine,2003,13225,1000hl
Amérique,Argentine,2004,15464,1000hl
Amérique,Argentine,2005,15222,1000hl
Amérique,Argentine,2006,15396,1000hl
Amérique,Argentine,2007,15046,1000hl
Amérique,Argentine,2008,14676,1000hl
Amérique,Argentine,2009,12135,1000hl
Amérique,Argentine,2010,16250,1000hl
Amérique,Argentine,2011,15473,1000hl
Amérique,Argentine,2012,11778,1000hl
Amérique,Argentine,2013,14984,1000hl
Amérique,Argentine,2014,15197,1000hl
Amérique,Argentine,2015,13362,1000hl
Amérique,Argentine,2016,9447,1000hl
Amérique,Argentine,2017,11821,1000hl
Amérique,Argentine,2018,14522,1000hl
Amérique,Argentine,2019,13019,1000hl
Asie,Arménie,1995,104,1000hl
Asie,Arménie,1996,78,1000hl
Asie,Arménie,1997,49,1000hl
Asie,Arménie,1998,24,1000hl
Asie,Arménie,1999,56,1000hl
Asie,Arménie,2000,42,1000hl
Asie,Arménie,2001,70,1000hl
Asie,Arménie,2002,46,1000hl
Asie,Arménie,2003,27,1000hl
Asie,Arménie,2004,68,1000hl
Asie,Arménie,2005,73,1000hl
Asie,Arménie,2006,44,1000hl
Asie,Arménie,2007,43,1000hl
Asie,Arménie,2008,38,1000hl
Asie,Arménie,2009,47,1000hl
Asie,Arménie,2010,59,1000hl
Asie,Arménie,2011,62,1000hl
Asie,Arménie,2012,58,1000hl
Asie,Arménie,2013,64,1000hl
Asie,Arménie,2014,68,1000hl
Asie,Arménie,2015,66,1000hl
Asie,Arménie,2016,75,1000hl
Asie,Arménie,2017,94,1000hl
Asie,Arménie,2018,96,1000hl
Asie,Arménie,2019,127,1000hl
Océanie,Australie,1995,5028,1000hl
Océanie,Australie,1996,6734,1000hl
Océanie,Australie,1997,6174,1000hl
Océanie,Australie,1998,7415,1000hl
Océanie,Australie,1999,8511,1000hl
Océanie,Australie,2000,8064,1000hl
Océanie,Australie,2001,10731,1000hl
Océanie,Australie,2002,12168,1000hl
Océanie,Australie,2003,10835,1000hl
Océanie,Australie,2004,14679,1000hl
Océanie,Australie,2005,14301,1000hl
Océanie,Australie,2006,14263,1000hl
Océanie,Australie,2007,9620,1000hl
Océanie,Australie,2008,12448,1000hl
Océanie,Australie,2009,11784,1000hl
Océanie,Australie,2010,11420,1000hl
Océanie,Australie,2011,11180,1000hl
Océanie,Australie,2012,12259,1000hl
Océanie,Australie,2013,12310,1000hl
Océanie,Australie,2014,11863,1000hl
Océanie,Australie,2015,11912,1000hl
Océanie,Australie,2016,13100,1000hl
Océanie,Australie,2017,13690,1000hl
Océanie,Australie,2018,12740,1000hl
Océanie,Australie,2019,11970,1000hl
Europe,Autriche,1995,2229,1000hl
Europe,Autriche,1996,2110,1000hl
Europe,Autriche,1997,1802,1000hl
Europe,Autriche,1998,2703,1000hl
Europe,Autriche,1999,2803,1000hl
Europe,Autriche,2000,2338,1000hl
Europe,Autriche,2001,2531,1000hl
Europe,Autriche,2002,2599,1000hl
Europe,Autriche,2003,2526,1000hl
Europe,Autriche,2004,2735,1000hl
Europe,Autriche,2005,2264,1000hl
Europe,Autriche,2006,2256,1000hl
Europe,Autriche,2007,2628,1000hl
Europe,Autriche,2008,2993,1000hl
Europe,Autriche,2009,2352,1000hl
Europe,Autriche,2010,1737,1000hl
Europe,Autriche,2011,2814,1000hl
Europe,Autriche,2012,2125,1000hl
Europe,Autriche,2013,2392,1000hl
Europe,Autriche,2014,1999,1000hl
Europe,Autriche,2015,2268,1000hl
Europe,Autriche,2016,1953,1000hl
Europe,Autriche,2017,2486,1000hl
Europe,Autriche,2018,2753,1000hl
Europe,Autriche,2019,2465,1000hl
Asie,Azerbaïdjan,1995,71,1000hl
Asie,Azerbaïdjan,1996,29,1000hl
Asie,Azerbaïdjan,1997,347,1000hl
Asie,Azerbaïdjan,1998,147,1000hl
Asie,Azerbaïdjan,1999,47,1000hl
Asie,Azerbaïdjan,2000,77,1000hl
Asie,Azerbaïdjan,2001,76,1000hl
Asie,Azerbaïdjan,2002,57,1000hl
Asie,Azerbaïdjan,2003,38,1000hl
Asie,Azerbaïdjan,2004,31,1000hl
Asie,Azerbaïdjan,2005,44,1000hl
Asie,Azerbaïdjan,2006,52,1000hl
Asie,Azerbaïdjan,2007,64,1000hl
Asie,Azerbaïdjan,2008,82,1000hl
Asie,Azerbaïdjan,2009,72,1000hl
Asie,Azerbaïdjan,2010,117,1000hl
Asie,Azerbaïdjan,2011,76,1000hl
Asie,Azerbaïdjan,2012,106,1000hl
Asie,Azerbaïdjan,2013,84,1000hl
Asie,Azerbaïdjan,2014,100,1000hl
Asie,Azerbaïdjan,2015,104,1000hl
Asie,Azerbaïdjan,2016,105,1000hl
Asie,Azerbaïdjan,2017,113,1000hl
Asie,Azerbaïdjan,2018,157,1000hl
Asie,Azerbaïdjan,2019,157,1000hl
Europe,Belgique,1995,1,1000hl
Europe,Belgique,1996,1,1000hl
Europe,Belgique,1997,1,1000hl
Europe,Belgique,1998,1,1000hl
Europe,Belgique,1999,2,1000hl
Europe,Belgique,2000,2,1000hl
Europe,Belgique,2001,2,1000hl
Europe,Belgique,2002,2,1000hl
Europe,Belgique,2003,2,1000hl
Europe,Belgique,2004,2,1000hl
Europe,Belgique,2005,1,1000hl
Europe,Belgique,2006,2,1000hl
Europe,Belgique,2007,2,1000hl
Europe,Belgique,2008,6,1000hl
Europe,Belgique,2009,6,1000hl
Europe,Belgique,2010,5,1000hl
Europe,Belgique,2011,5,1000hl
Europe,Belgique,2012,3,1000hl
Europe,Belgique,2013,6,1000hl
Europe,Belgique,2014,7,1000hl
Europe,Belgique,2015,10,1000hl
Europe,Belgique,2016,8,1000hl
Europe,Belgique,2017,9,1000hl
Europe,Belgique,2018,20,1000hl
Europe,Belgique,2019,15,1000hl
Amérique,"Bolivie, Etat Plurinational ",1995,20,1000hl
Amérique,"Bolivie, Etat Plurinational ",1996,20,1000hl
Amérique,"Bolivie, Etat Plurinational ",1997,20,1000hl
Amérique,"Bolivie, Etat Plurinational ",1998,20,1000hl
Amérique,"Bolivie, Etat Plurinational ",1999,20,1000hl
Amérique,"Bolivie, Etat Plurinational ",2000,20,1000hl
Amérique,"Bolivie, Etat Plurinational ",2001,20,1000hl
Amérique,"Bolivie, Etat Plurinational ",2002,20,1000hl
Amérique,"Bolivie, Etat Plurinational ",2003,44,1000hl
Amérique,"Bolivie, Etat Plurinational ",2004,71,1000hl
Amérique,"Bolivie, Etat Plurinational ",2005,72,1000hl
Amérique,"Bolivie, Etat Plurinational ",2006,73,1000hl
Amérique,"Bolivie, Etat Plurinational ",2007,74,1000hl
Amérique,"Bolivie, Etat Plurinational ",2008,77,1000hl
Amérique,"Bolivie, Etat Plurinational ",2009,70,1000hl
Amérique,"Bolivie, Etat Plurinational ",2010,74,1000hl
Amérique,"Bolivie, Etat Plurinational ",2011,74,1000hl
Amérique,"Bolivie, Etat Plurinational ",2012,80,1000hl
Amérique,"Bolivie, Etat Plurinational ",2013,83,1000hl
Amérique,"Bolivie, Etat Plurinational ",2014,55,1000hl
Amérique,"Bolivie, Etat Plurinational ",2015,83,1000hl
Amérique,"Bolivie, Etat Plurinational ",2016,83,1000hl
Amérique,"Bolivie, Etat Plurinational ",2017,84,1000hl
Amérique,"Bolivie, Etat Plurinational ",2018,67,1000hl
Amérique,"Bolivie, Etat Plurinational ",2019,67,1000hl
Europe,Bosnie-herzégovine,1995,34,1000hl
Europe,Bosnie-herzégovine,1996,47,1000hl
Europe,Bosnie-herzégovine,1997,9,1000hl
Europe,Bosnie-herzégovine,1998,69,1000hl
Europe,Bosnie-herzégovine,1999,58,1000hl
Europe,Bosnie-herzégovine,2000,48,1000hl
Europe,Bosnie-herzégovine,2001,55,1000hl
Europe,Bosnie-herzégovine,2002,75,1000hl
Europe,Bosnie-herzégovine,2003,91,1000hl
Europe,Bosnie-herzégovine,2004,60,1000hl
Europe,Bosnie-herzégovine,2005,50,1000hl
Europe,Bosnie-herzégovine,2006,27,1000hl
Europe,Bosnie-herzégovine,2007,46,1000hl
Europe,Bosnie-herzégovine,2008,46,1000hl
Europe,Bosnie-herzégovine,2009,37,1000hl
Europe,Bosnie-herzégovine,2010,45,1000hl
Europe,Bosnie-herzégovine,2011,34,1000hl
Europe,Bosnie-herzégovine,2012,56,1000hl
Europe,Bosnie-herzégovine,2013,62,1000hl
Europe,Bosnie-herzégovine,2014,75,1000hl
Europe,Bosnie-herzégovine,2015,54,1000hl
Europe,Bosnie-herzégovine,2016,46,1000hl
Europe,Bosnie-herzégovine,2017,55,1000hl
Europe,Bosnie-herzégovine,2018,55,1000hl
Europe,Bosnie-herzégovine,2019,55,1000hl
Amérique,Brésil,1995,3128,1000hl
Amérique,Brésil,1996,2320,1000hl
Amérique,Brésil,1997,2743,1000hl
Amérique,Brésil,1998,2782,1000hl
Amérique,Brésil,1999,3116,1000hl
Amérique,Brésil,2000,3638,1000hl
Amérique,Brésil,2001,2968,1000hl
Amérique,Brésil,2002,3212,1000hl
Amérique,Brésil,2003,2620,1000hl
Amérique,Brésil,2004,3925,1000hl
Amérique,Brésil,2005,3199,1000hl
Amérique,Brésil,2006,2372,1000hl
Amérique,Brésil,2007,3502,1000hl
Amérique,Brésil,2008,3683,1000hl
Amérique,Brésil,2009,2720,1000hl
Amérique,Brésil,2010,2459,1000hl
Amérique,Brésil,2011,3460,1000hl
Amérique,Brésil,2012,2967,1000hl
Amérique,Brésil,2013,2710,1000hl
Amérique,Brésil,2014,2810,1000hl
Amérique,Brésil,2015,2699,1000hl
Amérique,Brésil,2016,1257,1000hl
Amérique,Brésil,2017,3553,1000hl
Amérique,Brésil,2018,3084,1000hl
Amérique,Brésil,2019,2176,1000hl
Europe,Bulgarie,1995,2641,1000hl
Europe,Bulgarie,1996,3534,1000hl
Europe,Bulgarie,1997,3371,1000hl
Europe,Bulgarie,1998,2129,1000hl
Europe,Bulgarie,1999,1715,1000hl
Europe,Bulgarie,2000,3305,1000hl
Europe,Bulgarie,2001,2260,1000hl
Europe,Bulgarie,2002,1982,1000hl
Europe,Bulgarie,2003,2314,1000hl
Europe,Bulgarie,2004,1949,1000hl
Europe,Bulgarie,2005,1708,1000hl
Europe,Bulgarie,2006,1757,1000hl
Europe,Bulgarie,2007,1796,1000hl
Europe,Bulgarie,2008,1617,1000hl
Europe,Bulgarie,2009,1246,1000hl
Europe,Bulgarie,2010,1030,1000hl
Europe,Bulgarie,2011,1098,1000hl
Europe,Bulgarie,2012,1337,1000hl
Europe,Bulgarie,2013,1755,1000hl
Europe,Bulgarie,2014,833,1000hl
Europe,Bulgarie,2015,1367,1000hl
Europe,Bulgarie,2016,1245,1000hl
Europe,Bulgarie,2017,1157,1000hl
Europe,Bulgarie,2018,1084,1000hl
Europe,Bulgarie,2019,918,1000hl
Europe,Bélarus,1995,102,1000hl
Europe,Bélarus,1996,187,1000hl
Europe,Bélarus,1997,200,1000hl
Europe,Bélarus,1998,190,1000hl
Europe,Bélarus,1999,70,1000hl
Europe,Bélarus,2000,97,1000hl
Europe,Bélarus,2001,99,1000hl
Europe,Bélarus,2002,75,1000hl
Europe,Bélarus,2003,117,1000hl
Europe,Bélarus,2004,160,1000hl
Europe,Bélarus,2005,165,1000hl
Europe,Bélarus,2006,124,1000hl
Europe,Bélarus,2007,200,1000hl
Europe,Bélarus,2008,257,1000hl
Europe,Bélarus,2009,210,1000hl
Europe,Bélarus,2010,251,1000hl
Europe,Bélarus,2011,268,1000hl
Europe,Bélarus,2012,272,1000hl
Europe,Bélarus,2013,282,1000hl
Europe,Bélarus,2014,300,1000hl
Europe,Bélarus,2015,287,1000hl
Europe,Bélarus,2016,274,1000hl
Europe,Bélarus,2017,310,1000hl
Europe,Bélarus,2018,320,1000hl
Europe,Bélarus,2019,320,1000hl
Amérique,Canada,1995,355,1000hl
Amérique,Canada,1996,333,1000hl
Amérique,Canada,1997,344,1000hl
Amérique,Canada,1998,396,1000hl
Amérique,Canada,1999,512,1000hl
Amérique,Canada,2000,428,1000hl
Amérique,Canada,2001,445,1000hl
Amérique,Canada,2002,469,1000hl
Amérique,Canada,2003,359,1000hl
Amérique,Canada,2004,522,1000hl
Amérique,Canada,2005,291,1000hl
Amérique,Canada,2006,527,1000hl
Amérique,Canada,2007,502,1000hl
Amérique,Canada,2008,543,1000hl
Amérique,Canada,2009,454,1000hl
Amérique,Canada,2010,507,1000hl
Amérique,Canada,2011,614,1000hl
Amérique,Canada,2012,620,1000hl
Amérique,Canada,2013,697,1000hl
Amérique,Canada,2014,582,1000hl
Amérique,Canada,2015,598,1000hl
Amérique,Canada,2016,638,1000hl
Amérique,Canada,2017,704,1000hl
Amérique,Canada,2018,703,1000hl
Amérique,Canada,2019,703,1000hl
Amérique,Chili,1995,3164,1000hl
Amérique,Chili,1996,3824,1000hl
Amérique,Chili,1997,4549,1000hl
Amérique,Chili,1998,5475,1000hl
Amérique,Chili,1999,4807,1000hl
Amérique,Chili,2000,6674,1000hl
Amérique,Chili,2001,5452,1000hl
Amérique,Chili,2002,5623,1000hl
Amérique,Chili,2003,6682,1000hl
Amérique,Chili,2004,6301,1000hl
Amérique,Chili,2005,7885,1000hl
Amérique,Chili,2006,8448,1000hl
Amérique,Chili,2007,8227,1000hl
Amérique,Chili,2008,8683,1000hl
Amérique,Chili,2009,10093,1000hl
Amérique,Chili,2010,8844,1000hl
Amérique,Chili,2011,10464,1000hl
Amérique,Chili,2012,12554,1000hl
Amérique,Chili,2013,12821,1000hl
Amérique,Chili,2014,9896,1000hl
Amérique,Chili,2015,12866,1000hl
Amérique,Chili,2016,10143,1000hl
Amérique,Chili,2017,9492,1000hl
Amérique,Chili,2018,12898,1000hl
Amérique,Chili,2019,11939,1000hl
Asie,Chine,1995,7000,1000hl
Asie,Chine,1996,7500,1000hl
Asie,Chine,1997,9000,1000hl
Asie,Chine,1998,10645,1000hl
Asie,Chine,1999,10261,1000hl
Asie,Chine,2000,10500,1000hl
Asie,Chine,2001,10800,1000hl
Asie,Chine,2002,11200,1000hl
Asie,Chine,2003,11600,1000hl
Asie,Chine,2004,11700,1000hl
Asie,Chine,2005,11800,1000hl
Asie,Chine,2006,11900,1000hl
Asie,Chine,2007,12500,1000hl
Asie,Chine,2008,12600,1000hl
Asie,Chine,2009,12800,1000hl
Asie,Chine,2010,13000,1000hl
Asie,Chine,2011,13426,1000hl
Asie,Chine,2012,16065,1000hl
Asie,Chine,2013,13693,1000hl
Asie,Chine,2014,13496,1000hl
Asie,Chine,2015,13345,1000hl
Asie,Chine,2016,13217,1000hl
Asie,Chine,2017,11636,1000hl
Asie,Chine,2018,9269,1000hl
Asie,Chine,2019,7824,1000hl
Asie,Chypre,1995,555,1000hl
Asie,Chypre,1996,559,1000hl
Asie,Chypre,1997,534,1000hl
Asie,Chypre,1998,710,1000hl
Asie,Chypre,1999,555,1000hl
Asie,Chypre,2000,570,1000hl
Asie,Chypre,2001,503,1000hl
Asie,Chypre,2002,240,1000hl
Asie,Chypre,2003,385,1000hl
Asie,Chypre,2004,404,1000hl
Asie,Chypre,2005,197,1000hl
Asie,Chypre,2006,183,1000hl
Asie,Chypre,2007,169,1000hl
Asie,Chypre,2008,147,1000hl
Asie,Chypre,2009,145,1000hl
Asie,Chypre,2010,114,1000hl
Asie,Chypre,2011,85,1000hl
Asie,Chypre,2012,112,1000hl
Asie,Chypre,2013,94,1000hl
Asie,Chypre,2014,86,1000hl
Asie,Chypre,2015,91,1000hl
Asie,Chypre,2016,69,1000hl
Asie,Chypre,2017,99,1000hl
Asie,Chypre,2018,109,1000hl
Asie,Chypre,2019,100,1000hl
Europe,Croatie,1995,1785,1000hl
Europe,Croatie,1996,1958,1000hl
Europe,Croatie,1997,2260,1000hl
Europe,Croatie,1998,2277,1000hl
Europe,Croatie,1999,2094,1000hl
Europe,Croatie,2000,1891,1000hl
Europe,Croatie,2001,1951,1000hl
Europe,Croatie,2002,2095,1000hl
Europe,Croatie,2003,1768,1000hl
Europe,Croatie,2004,1204,1000hl
Europe,Croatie,2005,1248,1000hl
Europe,Croatie,2006,1237,1000hl
Europe,Croatie,2007,1365,1000hl
Europe,Croatie,2008,1276,1000hl
Europe,Croatie,2009,1424,1000hl
Europe,Croatie,2010,1433,1000hl
Europe,Croatie,2011,1409,1000hl
Europe,Croatie,2012,1293,1000hl
Europe,Croatie,2013,1248,1000hl
Europe,Croatie,2014,842,1000hl
Europe,Croatie,2015,992,1000hl
Europe,Croatie,2016,760,1000hl
Europe,Croatie,2017,726,1000hl
Europe,Croatie,2018,952,1000hl
Europe,Croatie,2019,704,1000hl
Amérique,Cuba,1999,149,1000hl
Amérique,Cuba,2000,156,1000hl
Amérique,Cuba,2001,141,1000hl
Amérique,Cuba,2002,108,1000hl
Amérique,Cuba,2003,110,1000hl
Amérique,Cuba,2004,99,1000hl
Amérique,Cuba,2005,95,1000hl
Amérique,Cuba,2006,94,1000hl
Amérique,Cuba,2007,102,1000hl
Amérique,Cuba,2008,107,1000hl
Amérique,Cuba,2009,104,1000hl
Amérique,Cuba,2010,108,1000hl
Amérique,Cuba,2011,114,1000hl
Amérique,Cuba,2012,124,1000hl
Amérique,Cuba,2013,116,1000hl
Amérique,Cuba,2014,125,1000hl
Amérique,Cuba,2015,115,1000hl
Amérique,Cuba,2016,117,1000hl
Amérique,Cuba,2017,120,1000hl
Amérique,Cuba,2018,114,1000hl
Amérique,Cuba,2019,114,1000hl
Afrique,Egypte,1995,26,1000hl
Afrique,Egypte,1996,26,1000hl
Afrique,Egypte,1997,27,1000hl
Afrique,Egypte,1998,27,1000hl
Afrique,Egypte,1999,27,1000hl
Afrique,Egypte,2000,30,1000hl
Afrique,Egypte,2001,42,1000hl
Afrique,Egypte,2002,40,1000hl
Afrique,Egypte,2003,56,1000hl
Afrique,Egypte,2004,68,1000hl
Afrique,Egypte,2005,64,1000hl
Afrique,Egypte,2006,68,1000hl
Afrique,Egypte,2007,105,1000hl
Afrique,Egypte,2008,143,1000hl
Afrique,Egypte,2009,118,1000hl
Afrique,Egypte,2010,44,1000hl
Afrique,Egypte,2011,43,1000hl
Afrique,Egypte,2012,45,1000hl
Afrique,Egypte,2013,45,1000hl
Afrique,Egypte,2014,50,1000hl
Afrique,Egypte,2015,59,1000hl
Afrique,Egypte,2016,58,1000hl
Afrique,Egypte,2017,60,1000hl
Afrique,Egypte,2018,57,1000hl
Afrique,Egypte,2019,57,1000hl
Europe,Espagne,1995,20876,1000hl
Europe,Espagne,1996,31000,1000hl
Europe,Espagne,1997,33218,1000hl
Europe,Espagne,1998,31175,1000hl
Europe,Espagne,1999,33723,1000hl
Europe,Espagne,2000,41692,1000hl
Europe,Espagne,2001,30500,1000hl
Europe,Espagne,2002,33478,1000hl
Europe,Espagne,2003,41843,1000hl
Europe,Espagne,2004,42988,1000hl
Europe,Espagne,2005,36158,1000hl
Europe,Espagne,2006,38273,1000hl
Europe,Espagne,2007,36408,1000hl
Europe,Espagne,2008,35913,1000hl
Europe,Espagne,2009,36093,1000hl
Europe,Espagne,2010,35353,1000hl
Europe,Espagne,2011,33397,1000hl
Europe,Espagne,2012,31123,1000hl
Europe,Espagne,2013,45308,1000hl
Europe,Espagne,2014,39494,1000hl
Europe,Espagne,2015,37703,1000hl
Europe,Espagne,2016,39670,1000hl
Europe,Espagne,2017,32480,1000hl
Europe,Espagne,2018,44933,1000hl
Europe,Espagne,2019,33676,1000hl
Europe,Estonie,1995,14,1000hl
Europe,Estonie,1996,22,1000hl
Europe,Estonie,1997,22,1000hl
Europe,Estonie,1998,31,1000hl
Europe,Estonie,1999,24,1000hl
Europe,Estonie,2000,33,1000hl
Europe,Estonie,2001,30,1000hl
Europe,Estonie,2002,20,1000hl
Europe,Estonie,2003,20,1000hl
Europe,Estonie,2004,20,1000hl
Europe,Estonie,2005,20,1000hl
Europe,Estonie,2006,10,1000hl
Europe,Estonie,2007,10,1000hl
Europe,Estonie,2008,10,1000hl
Europe,Estonie,2009,10,1000hl
Europe,Estonie,2010,28,1000hl
Europe,Estonie,2011,64,1000hl
Europe,Estonie,2012,96,1000hl
Europe,Estonie,2013,107,1000hl
Europe,Estonie,2014,111,1000hl
Europe,Estonie,2015,115,1000hl
Europe,Estonie,2016,110,1000hl
Europe,Estonie,2017,110,1000hl
Europe,Estonie,2018,110,1000hl
Europe,Estonie,2019,110,1000hl
Amérique,Etats-unis,1995,18668,1000hl
Amérique,Etats-unis,1996,18877,1000hl
Amérique,Etats-unis,1997,22000,1000hl
Amérique,Etats-unis,1998,20504,1000hl
Amérique,Etats-unis,1999,19050,1000hl
Amérique,Etats-unis,2000,21500,1000hl
Amérique,Etats-unis,2001,19200,1000hl
Amérique,Etats-unis,2002,20300,1000hl
Amérique,Etats-unis,2003,19500,1000hl
Amérique,Etats-unis,2004,20109,1000hl
Amérique,Etats-unis,2005,22888,1000hl
Amérique,Etats-unis,2006,19440,1000hl
Amérique,Etats-unis,2007,19870,1000hl
Amérique,Etats-unis,2008,19340,1000hl
Amérique,Etats-unis,2009,21965,1000hl
Amérique,Etats-unis,2010,20887,1000hl
Amérique,Etats-unis,2011,20097,1000hl
Amérique,Etats-unis,2012,22733,1000hl
Amérique,Etats-unis,2013,25584,1000hl
Amérique,Etats-unis,2014,24253,1000hl
Amérique,Etats-unis,2015,22818,1000hl
Amérique,Etats-unis,2016,24901,1000hl
Amérique,Etats-unis,2017,24506,1000hl
Amérique,Etats-unis,2018,26074,1000hl
Amérique,Etats-unis,2019,25562,1000hl
Afrique,Ethiopie,1995,10,1000hl
Afrique,Ethiopie,1996,10,1000hl
Afrique,Ethiopie,1997,10,1000hl
Afrique,Ethiopie,1998,15,1000hl
Afrique,Ethiopie,1999,18,1000hl
Afrique,Ethiopie,2000,23,1000hl
Afrique,Ethiopie,2001,25,1000hl
Afrique,Ethiopie,2002,26,1000hl
Afrique,Ethiopie,2003,26,1000hl
Afrique,Ethiopie,2004,17,1000hl
Afrique,Ethiopie,2005,32,1000hl
Afrique,Ethiopie,2006,26,1000hl
Afrique,Ethiopie,2007,30,1000hl
Afrique,Ethiopie,2008,14,1000hl
Afrique,Ethiopie,2009,16,1000hl
Afrique,Ethiopie,2010,13,1000hl
Afrique,Ethiopie,2011,12,1000hl
Afrique,Ethiopie,2012,13,1000hl
Afrique,Ethiopie,2013,13,1000hl
Afrique,Ethiopie,2014,9,1000hl
Afrique,Ethiopie,2015,8,1000hl
Afrique,Ethiopie,2016,8,1000hl
Afrique,Ethiopie,2017,7,1000hl
Afrique,Ethiopie,2018,7,1000hl
Afrique,Ethiopie,2019,7,1000hl
Europe,France,1995,54354,1000hl
Europe,France,1996,57047,1000hl
Europe,France,1997,53561,1000hl
Europe,France,1998,52671,1000hl
Europe,France,1999,60535,1000hl
Europe,France,2000,57541,1000hl
Europe,France,2001,53389,1000hl
Europe,France,2002,50353,1000hl
Europe,France,2003,46360,1000hl
Europe,France,2004,57386,1000hl
Europe,France,2005,52105,1000hl
Europe,France,2006,52127,1000hl
Europe,France,2007,45672,1000hl
Europe,France,2008,42654,1000hl
Europe,France,2009,46269,1000hl
Europe,France,2010,44381,1000hl
Europe,France,2011,50757,1000hl
Europe,France,2012,41548,1000hl
Europe,France,2013,42134,1000hl
Europe,France,2014,46534,1000hl
Europe,France,2015,46977,1000hl
Europe,France,2016,45367,1000hl
Europe,France,2017,36420,1000hl
Europe,France,2018,49186,1000hl
Europe,France,2019,42193,1000hl
Europe,Fédération De Russie,1995,2150,1000hl
Europe,Fédération De Russie,1996,2550,1000hl
Europe,Fédération De Russie,1997,2230,1000hl
Europe,Fédération De Russie,1998,2169,1000hl
Europe,Fédération De Russie,1999,2560,1000hl
Europe,Fédération De Russie,2000,3050,1000hl
Europe,Fédération De Russie,2001,3430,1000hl
Europe,Fédération De Russie,2002,4060,1000hl
Europe,Fédération De Russie,2003,4530,1000hl
Europe,Fédération De Russie,2004,5120,1000hl
Europe,Fédération De Russie,2005,4590,1000hl
Europe,Fédération De Russie,2006,6280,1000hl
Europe,Fédération De Russie,2007,7280,1000hl
Europe,Fédération De Russie,2008,7110,1000hl
Europe,Fédération De Russie,2009,3911,1000hl
Europe,Fédération De Russie,2010,6756,1000hl
Europe,Fédération De Russie,2011,6242,1000hl
Europe,Fédération De Russie,2012,5724,1000hl
Europe,Fédération De Russie,2013,5065,1000hl
Europe,Fédération De Russie,2014,4712,1000hl
Europe,Fédération De Russie,2015,5603,1000hl
Europe,Fédération De Russie,2016,5173,1000hl
Europe,Fédération De Russie,2017,4481,1000hl
Europe,Fédération De Russie,2018,4293,1000hl
Europe,Fédération De Russie,2019,4620,1000hl
Europe,Grèce,1995,3841,1000hl
Europe,Grèce,1996,4109,1000hl
Europe,Grèce,1997,3987,1000hl
Europe,Grèce,1998,3826,1000hl
Europe,Grèce,1999,3680,1000hl
Europe,Grèce,2000,3558,1000hl
Europe,Grèce,2001,3477,1000hl
Europe,Grèce,2002,3085,1000hl
Europe,Grèce,2003,3799,1000hl
Europe,Grèce,2004,4248,1000hl
Europe,Grèce,2005,4027,1000hl
Europe,Grèce,2006,3938,1000hl
Europe,Grèce,2007,3511,1000hl
Europe,Grèce,2008,3869,1000hl
Europe,Grèce,2009,3366,1000hl
Europe,Grèce,2010,2950,1000hl
Europe,Grèce,2011,2750,1000hl
Europe,Grèce,2012,3115,1000hl
Europe,Grèce,2013,3343,1000hl
Europe,Grèce,2014,2800,1000hl
Europe,Grèce,2015,2501,1000hl
Europe,Grèce,2016,2490,1000hl
Europe,Grèce,2017,2550,1000hl
Europe,Grèce,2018,2235,1000hl
Europe,Grèce,2019,2425,1000hl
Asie,Géorgie,1995,2050,1000hl
Asie,Géorgie,1996,2025,1000hl
Asie,Géorgie,1997,1800,1000hl
Asie,Géorgie,1998,1250,1000hl
Asie,Géorgie,1999,1300,1000hl
Asie,Géorgie,2000,1138,1000hl
Asie,Géorgie,2001,1326,1000hl
Asie,Géorgie,2002,1136,1000hl
Asie,Géorgie,2003,800,1000hl
Asie,Géorgie,2004,950,1000hl
Asie,Géorgie,2005,1300,1000hl
Asie,Géorgie,2006,950,1000hl
Asie,Géorgie,2007,1475,1000hl
Asie,Géorgie,2008,1105,1000hl
Asie,Géorgie,2009,1043,1000hl
Asie,Géorgie,2010,1034,1000hl
Asie,Géorgie,2011,1108,1000hl
Asie,Géorgie,2012,830,1000hl
Asie,Géorgie,2013,997,1000hl
Asie,Géorgie,2014,920,1000hl
Asie,Géorgie,2015,1196,1000hl
Asie,Géorgie,2016,884,1000hl
Asie,Géorgie,2017,1002,1000hl
Asie,Géorgie,2018,1740,1000hl
Asie,Géorgie,2019,1760,1000hl
Europe,Hongrie,1995,3289,1000hl
Europe,Hongrie,1996,4188,1000hl
Europe,Hongrie,1997,4472,1000hl
Europe,Hongrie,1998,4334,1000hl
Europe,Hongrie,1999,3339,1000hl
Europe,Hongrie,2000,4299,1000hl
Europe,Hongrie,2001,5406,1000hl
Europe,Hongrie,2002,3333,1000hl
Europe,Hongrie,2003,3880,1000hl
Europe,Hongrie,2004,5272,1000hl
Europe,Hongrie,2005,2900,1000hl
Europe,Hongrie,2006,3100,1000hl
Europe,Hongrie,2007,3222,1000hl
Europe,Hongrie,2008,3460,1000hl
Europe,Hongrie,2009,3065,1000hl
Europe,Hongrie,2010,1646,1000hl
Europe,Hongrie,2011,2508,1000hl
Europe,Hongrie,2012,1765,1000hl
Europe,Hongrie,2013,2573,1000hl
Europe,Hongrie,2014,2427,1000hl
Europe,Hongrie,2015,2780,1000hl
Europe,Hongrie,2016,2821,1000hl
Europe,Hongrie,2017,2894,1000hl
Europe,Hongrie,2018,3556,1000hl
Europe,Hongrie,2019,2726,1000hl
Asie,Inde,2004,47,1000hl
Asie,Inde,2005,59,1000hl
Asie,Inde,2006,86,1000hl
Asie,Inde,2007,113,1000hl
Asie,Inde,2008,117,1000hl
Asie,Inde,2009,149,1000hl
Asie,Inde,2010,160,1000hl
Asie,Inde,2011,142,1000hl
Asie,Inde,2012,146,1000hl
Asie,Inde,2013,170,1000hl
Asie,Inde,2014,173,1000hl
Asie,Inde,2015,183,1000hl
Asie,Inde,2016,194,1000hl
Asie,Inde,2017,204,1000hl
Asie,Inde,2018,210,1000hl
Asie,Inde,2019,180,1000hl
Europe,Israël,1995,122,1000hl
Europe,Israël,1996,90,1000hl
Europe,Israël,1997,90,1000hl
Europe,Israël,1998,90,1000hl
Europe,Israël,1999,80,1000hl
Europe,Israël,2000,75,1000hl
Europe,Israël,2001,50,1000hl
Europe,Israël,2002,57,1000hl
Europe,Israël,2003,234,1000hl
Europe,Israël,2004,240,1000hl
Europe,Israël,2005,240,1000hl
Europe,Israël,2006,234,1000hl
Europe,Israël,2007,218,1000hl
Europe,Israël,2008,228,1000hl
Europe,Israël,2009,230,1000hl
Europe,Israël,2010,245,1000hl
Europe,Israël,2011,259,1000hl
Europe,Israël,2012,200,1000hl
Europe,Israël,2013,200,1000hl
Europe,Israël,2014,200,1000hl
Europe,Israël,2015,200,1000hl
Europe,Israël,2016,200,1000hl
Europe,Israël,2017,200,1000hl
Europe,Israël,2018,200,1000hl
Europe,Israël,2019,200,1000hl
Europe,Italie,1995,55702,1000hl
Europe,Italie,1996,58772,1000hl
Europe,Italie,1997,50894,1000hl
Europe,Italie,1998,54188,1000hl
Europe,Italie,1999,56454,1000hl
Europe,Italie,2000,51620,1000hl
Europe,Italie,2001,49865,1000hl
Europe,Italie,2002,42507,1000hl
Europe,Italie,2003,41807,1000hl
Europe,Italie,2004,49935,1000hl
Europe,Italie,2005,50566,1000hl
Europe,Italie,2006,52036,1000hl
Europe,Italie,2007,45981,1000hl
Europe,Italie,2008,46970,1000hl
Europe,Italie,2009,47314,1000hl
Europe,Italie,2010,48525,1000hl
Europe,Italie,2011,42772,1000hl
Europe,Italie,2012,45616,1000hl
Europe,Italie,2013,54029,1000hl
Europe,Italie,2014,44229,1000hl
Europe,Italie,2015,49996,1000hl
Europe,Italie,2016,50920,1000hl
Europe,Italie,2017,42500,1000hl
Europe,Italie,2018,54783,1000hl
Europe,Italie,2019,47533,1000hl
Asie,Japon,1995,652,1000hl
Asie,Japon,1996,675,1000hl
Asie,Japon,1997,934,1000hl
Asie,Japon,1998,1159,1000hl
Asie,Japon,1999,1003,1000hl
Asie,Japon,2000,974,1000hl
Asie,Japon,2001,1105,1000hl
Asie,Japon,2002,1110,1000hl
Asie,Japon,2003,938,1000hl
Asie,Japon,2004,938,1000hl
Asie,Japon,2005,955,1000hl
Asie,Japon,2006,900,1000hl
Asie,Japon,2007,630,1000hl
Asie,Japon,2008,660,1000hl
Asie,Japon,2009,730,1000hl
Asie,Japon,2010,750,1000hl
Asie,Japon,2011,790,1000hl
Asie,Japon,2012,800,1000hl
Asie,Japon,2013,800,1000hl
Asie,Japon,2014,850,1000hl
Asie,Japon,2015,759,1000hl
Asie,Japon,2016,806,1000hl
Asie,Japon,2017,786,1000hl
Asie,Japon,2018,798,1000hl
Asie,Japon,2019,798,1000hl
Asie,Kazakstan,1995,122,1000hl
Asie,Kazakstan,1996,114,1000hl
Asie,Kazakstan,1997,111,1000hl
Asie,Kazakstan,1998,169,1000hl
Asie,Kazakstan,1999,227,1000hl
Asie,Kazakstan,2000,273,1000hl
Asie,Kazakstan,2001,129,1000hl
Asie,Kazakstan,2002,236,1000hl
Asie,Kazakstan,2003,217,1000hl
Asie,Kazakstan,2004,181,1000hl
Asie,Kazakstan,2005,247,1000hl
Asie,Kazakstan,2006,196,1000hl
Asie,Kazakstan,2007,113,1000hl
Asie,Kazakstan,2008,133,1000hl
Asie,Kazakstan,2009,172,1000hl
Asie,Kazakstan,2010,172,1000hl
Asie,Kazakstan,2011,158,1000hl
Asie,Kazakstan,2012,155,1000hl
Asie,Kazakstan,2013,209,1000hl
Asie,Kazakstan,2014,220,1000hl
Asie,Kazakstan,2015,242,1000hl
Asie,Kazakstan,2016,299,1000hl
Asie,Kazakstan,2017,327,1000hl
Asie,Kazakstan,2018,436,1000hl
Asie,Kazakstan,2019,436,1000hl
Asie,Kirghizistan,1995,26,1000hl
Asie,Kirghizistan,1996,23,1000hl
Asie,Kirghizistan,1997,21,1000hl
Asie,Kirghizistan,1998,20,1000hl
Asie,Kirghizistan,1999,21,1000hl
Asie,Kirghizistan,2000,22,1000hl
Asie,Kirghizistan,2001,40,1000hl
Asie,Kirghizistan,2002,44,1000hl
Asie,Kirghizistan,2003,18,1000hl
Asie,Kirghizistan,2004,17,1000hl
Asie,Kirghizistan,2005,12,1000hl
Asie,Kirghizistan,2006,18,1000hl
Asie,Kirghizistan,2007,11,1000hl
Asie,Kirghizistan,2008,13,1000hl
Asie,Kirghizistan,2009,14,1000hl
Asie,Kirghizistan,2010,16,1000hl
Asie,Kirghizistan,2011,14,1000hl
Asie,Kirghizistan,2012,13,1000hl
Asie,Kirghizistan,2013,18,1000hl
Asie,Kirghizistan,2014,17,1000hl
Asie,Kirghizistan,2015,26,1000hl
Asie,Kirghizistan,2016,24,1000hl
Asie,Kirghizistan,2017,28,1000hl
Asie,Kirghizistan,2018,21,1000hl
Asie,Kirghizistan,2019,21,1000hl
Europe,Lettonie,1995,47,1000hl
Europe,Lettonie,1996,35,1000hl
Europe,Lettonie,1997,15,1000hl
Europe,Lettonie,1998,10,1000hl
Europe,Lettonie,2006,53,1000hl
Europe,Lettonie,2007,26,1000hl
Europe,Lettonie,2008,25,1000hl
Europe,Lettonie,2009,18,1000hl
Europe,Lettonie,2010,20,1000hl
Europe,Lettonie,2011,22,1000hl
Europe,Lettonie,2012,22,1000hl
Europe,Lettonie,2013,22,1000hl
Europe,Lettonie,2014,25,1000hl
Europe,Lettonie,2015,20,1000hl
Europe,Lettonie,2016,26,1000hl
Europe,Lettonie,2017,32,1000hl
Europe,Lettonie,2018,27,1000hl
Europe,Lettonie,2019,27,1000hl
Asie,Liban,1995,300,1000hl
Asie,Liban,1996,158,1000hl
Asie,Liban,1997,248,1000hl
Asie,Liban,1998,186,1000hl
Asie,Liban,1999,180,1000hl
Asie,Liban,2000,170,1000hl
Asie,Liban,2001,160,1000hl
Asie,Liban,2002,150,1000hl
Asie,Liban,2003,150,1000hl
Asie,Liban,2004,150,1000hl
Asie,Liban,2005,150,1000hl
Asie,Liban,2006,130,1000hl
Asie,Liban,2007,110,1000hl
Asie,Liban,2008,90,1000hl
Asie,Liban,2009,70,1000hl
Asie,Liban,2010,65,1000hl
Asie,Liban,2011,80,1000hl
Asie,Liban,2012,90,1000hl
Asie,Liban,2013,95,1000hl
Asie,Liban,2014,91,1000hl
Asie,Liban,2015,109,1000hl
Asie,Liban,2016,100,1000hl
Asie,Liban,2017,100,1000hl
Asie,Liban,2018,100,1000hl
Asie,Liban,2019,100,1000hl
Europe,Lituanie,1995,11,1000hl
Europe,Lituanie,1996,30,1000hl
Europe,Lituanie,1997,22,1000hl
Europe,Lituanie,1998,45,1000hl
Europe,Lituanie,1999,65,1000hl
Europe,Lituanie,2000,40,1000hl
Europe,Lituanie,2001,43,1000hl
Europe,Lituanie,2002,47,1000hl
Europe,Lituanie,2003,36,1000hl
Europe,Lituanie,2004,52,1000hl
Europe,Lituanie,2005,79,1000hl
Europe,Lituanie,2006,72,1000hl
Europe,Lituanie,2007,89,1000hl
Europe,Lituanie,2008,83,1000hl
Europe,Lituanie,2009,54,1000hl
Europe,Lituanie,2010,72,1000hl
Europe,Lituanie,2011,61,1000hl
Europe,Lituanie,2012,65,1000hl
Europe,Lituanie,2013,57,1000hl
Europe,Lituanie,2014,60,1000hl
Europe,Lituanie,2015,44,1000hl
Europe,Lituanie,2016,48,1000hl
Europe,Lituanie,2017,41,1000hl
Europe,Lituanie,2018,47,1000hl
Europe,Lituanie,2019,47,1000hl
Europe,Luxembourg,1995,150,1000hl
Europe,Luxembourg,1996,128,1000hl
Europe,Luxembourg,1997,75,1000hl
Europe,Luxembourg,1998,160,1000hl
Europe,Luxembourg,1999,184,1000hl
Europe,Luxembourg,2000,132,1000hl
Europe,Luxembourg,2001,135,1000hl
Europe,Luxembourg,2002,154,1000hl
Europe,Luxembourg,2003,123,1000hl
Europe,Luxembourg,2004,156,1000hl
Europe,Luxembourg,2005,135,1000hl
Europe,Luxembourg,2006,124,1000hl
Europe,Luxembourg,2007,142,1000hl
Europe,Luxembourg,2008,130,1000hl
Europe,Luxembourg,2009,135,1000hl
Europe,Luxembourg,2010,110,1000hl
Europe,Luxembourg,2011,132,1000hl
Europe,Luxembourg,2012,85,1000hl
Europe,Luxembourg,2013,101,1000hl
Europe,Luxembourg,2014,125,1000hl
Europe,Luxembourg,2015,111,1000hl
Europe,Luxembourg,2016,83,1000hl
Europe,Luxembourg,2017,81,1000hl
Europe,Luxembourg,2018,136,1000hl
Europe,Luxembourg,2019,76,1000hl
Afrique,Madagascar,1995,88,1000hl
Afrique,Madagascar,1996,88,1000hl
Afrique,Madagascar,1997,89,1000hl
Afrique,Madagascar,1998,90,1000hl
Afrique,Madagascar,1999,91,1000hl
Afrique,Madagascar,2000,89,1000hl
Afrique,Madagascar,2001,89,1000hl
Afrique,Madagascar,2002,89,1000hl
Afrique,Madagascar,2003,64,1000hl
Afrique,Madagascar,2004,64,1000hl
Afrique,Madagascar,2005,65,1000hl
Afrique,Madagascar,2006,67,1000hl
Afrique,Madagascar,2007,74,1000hl
Afrique,Madagascar,2008,75,1000hl
Afrique,Madagascar,2009,83,1000hl
Afrique,Madagascar,2010,83,1000hl
Afrique,Madagascar,2011,82,1000hl
Afrique,Madagascar,2012,84,1000hl
Afrique,Madagascar,2013,84,1000hl
Afrique,Madagascar,2014,76,1000hl
Afrique,Madagascar,2015,79,1000hl
Afrique,Madagascar,2016,79,1000hl
Afrique,Madagascar,2017,80,1000hl
Afrique,Madagascar,2018,80,1000hl
Afrique,Madagascar,2019,80,1000hl
Europe,Malte,1995,32,1000hl
Europe,Malte,1996,32,1000hl
Europe,Malte,1997,32,1000hl
Europe,Malte,1998,21,1000hl
Europe,Malte,1999,35,1000hl
Europe,Malte,2000,50,1000hl
Europe,Malte,2001,67,1000hl
Europe,Malte,2002,62,1000hl
Europe,Malte,2003,100,1000hl
Europe,Malte,2004,70,1000hl
Europe,Malte,2005,60,1000hl
Europe,Malte,2006,65,1000hl
Europe,Malte,2007,48,1000hl
Europe,Malte,2008,32,1000hl
Europe,Malte,2009,37,1000hl
Europe,Malte,2010,15,1000hl
Europe,Malte,2011,15,1000hl
Europe,Malte,2012,22,1000hl
Europe,Malte,2013,21,1000hl
Europe,Malte,2014,21,1000hl
Europe,Malte,2015,20,1000hl
Europe,Malte,2016,15,1000hl
Europe,Malte,2017,15,1000hl
Europe,Malte,2018,17,1000hl
Europe,Malte,2019,13,1000hl
Afrique,Maroc,1995,173,1000hl
Afrique,Maroc,1996,284,1000hl
Afrique,Maroc,1997,376,1000hl
Afrique,Maroc,1998,298,1000hl
Afrique,Maroc,1999,493,1000hl
Afrique,Maroc,2000,299,1000hl
Afrique,Maroc,2001,286,1000hl
Afrique,Maroc,2002,342,1000hl
Afrique,Maroc,2003,343,1000hl
Afrique,Maroc,2004,326,1000hl
Afrique,Maroc,2005,375,1000hl
Afrique,Maroc,2006,419,1000hl
Afrique,Maroc,2007,370,1000hl
Afrique,Maroc,2008,350,1000hl
Afrique,Maroc,2009,295,1000hl
Afrique,Maroc,2010,333,1000hl
Afrique,Maroc,2011,340,1000hl
Afrique,Maroc,2012,345,1000hl
Afrique,Maroc,2013,370,1000hl
Afrique,Maroc,2014,327,1000hl
Afrique,Maroc,2015,386,1000hl
Afrique,Maroc,2016,325,1000hl
Afrique,Maroc,2017,344,1000hl
Afrique,Maroc,2018,408,1000hl
Afrique,Maroc,2019,408,1000hl
Amérique,Mexique,1995,1466,1000hl
Amérique,Mexique,1996,1332,1000hl
Amérique,Mexique,1997,1524,1000hl
Amérique,Mexique,1998,1361,1000hl
Amérique,Mexique,1999,1443,1000hl
Amérique,Mexique,2000,1041,1000hl
Amérique,Mexique,2001,1411,1000hl
Amérique,Mexique,2002,1012,1000hl
Amérique,Mexique,2003,1096,1000hl
Amérique,Mexique,2004,730,1000hl
Amérique,Mexique,2005,415,1000hl
Amérique,Mexique,2006,568,1000hl
Amérique,Mexique,2007,630,1000hl
Amérique,Mexique,2008,557,1000hl
Amérique,Mexique,2009,353,1000hl
Amérique,Mexique,2010,346,1000hl
Amérique,Mexique,2011,385,1000hl
Amérique,Mexique,2012,394,1000hl
Amérique,Mexique,2013,418,1000hl
Amérique,Mexique,2014,397,1000hl
Amérique,Mexique,2015,425,1000hl
Amérique,Mexique,2016,404,1000hl
Amérique,Mexique,2017,387,1000hl
Amérique,Mexique,2018,406,1000hl
Amérique,Mexique,2019,406,1000hl
Europe,"Moldova, République",1995,2964,1000hl
Europe,"Moldova, République",1996,2291,1000hl
Europe,"Moldova, République",1997,3123,1000hl
Europe,"Moldova, République",1998,1511,1000hl
Europe,"Moldova, République",1999,1332,1000hl
Europe,"Moldova, République",2000,1112,1000hl
Europe,"Moldova, République",2001,1604,1000hl
Europe,"Moldova, République",2002,2251,1000hl
Europe,"Moldova, République",2003,3215,1000hl
Europe,"Moldova, République",2004,3026,1000hl
Europe,"Moldova, République",2005,2520,1000hl
Europe,"Moldova, République",2006,1938,1000hl
Europe,"Moldova, République",2007,1510,1000hl
Europe,"Moldova, République",2008,1710,1000hl
Europe,"Moldova, République",2009,1590,1000hl
Europe,"Moldova, République",2010,840,1000hl
Europe,"Moldova, République",2011,1520,1000hl
Europe,"Moldova, République",2012,1470,1000hl
Europe,"Moldova, République",2013,2570,1000hl
Europe,"Moldova, République",2014,1630,1000hl
Europe,"Moldova, République",2015,1560,1000hl
Europe,"Moldova, République",2016,1495,1000hl
Europe,"Moldova, République",2017,1801,1000hl
Europe,"Moldova, République",2018,1900,1000hl
Europe,"Moldova, République",2019,1460,1000hl
Europe,Monténégro,2006,166,1000hl
Europe,Monténégro,2007,130,1000hl
Europe,Monténégro,2008,170,1000hl
Europe,Monténégro,2009,171,1000hl
Europe,Monténégro,2010,180,1000hl
Europe,Monténégro,2011,118,1000hl
Europe,Monténégro,2012,174,1000hl
Europe,Monténégro,2013,160,1000hl
Europe,Monténégro,2014,97,1000hl
Europe,Monténégro,2015,151,1000hl
Europe,Monténégro,2016,172,1000hl
Europe,Monténégro,2017,133,1000hl
Europe,Monténégro,2018,144,1000hl
Europe,Monténégro,2019,144,1000hl
Océanie,Nouvelle-zélande,1995,564,1000hl
Océanie,Nouvelle-zélande,1996,573,1000hl
Océanie,Nouvelle-zélande,1997,458,1000hl
Océanie,Nouvelle-zélande,1998,606,1000hl
Océanie,Nouvelle-zélande,1999,602,1000hl
Océanie,Nouvelle-zélande,2000,601,1000hl
Océanie,Nouvelle-zélande,2001,533,1000hl
Océanie,Nouvelle-zélande,2002,890,1000hl
Océanie,Nouvelle-zélande,2003,550,1000hl
Océanie,Nouvelle-zélande,2004,1192,1000hl
Océanie,Nouvelle-zélande,2005,1020,1000hl
Océanie,Nouvelle-zélande,2006,1332,1000hl
Océanie,Nouvelle-zélande,2007,1476,1000hl
Océanie,Nouvelle-zélande,2008,2052,1000hl
Océanie,Nouvelle-zélande,2009,2050,1000hl
Océanie,Nouvelle-zélande,2010,1900,1000hl
Océanie,Nouvelle-zélande,2011,2350,1000hl
Océanie,Nouvelle-zélande,2012,1940,1000hl
Océanie,Nouvelle-zélande,2013,2484,1000hl
Océanie,Nouvelle-zélande,2014,3204,1000hl
Océanie,Nouvelle-zélande,2015,2347,1000hl
Océanie,Nouvelle-zélande,2016,3139,1000hl
Océanie,Nouvelle-zélande,2017,2851,1000hl
Océanie,Nouvelle-zélande,2018,3017,1000hl
Océanie,Nouvelle-zélande,2019,2974,1000hl
Asie,Ouzbékistan,1995,830,1000hl
Asie,Ouzbékistan,1996,550,1000hl
Asie,Ouzbékistan,1997,650,1000hl
Asie,Ouzbékistan,1998,620,1000hl
Asie,Ouzbékistan,1999,590,1000hl
Asie,Ouzbékistan,2000,410,1000hl
Asie,Ouzbékistan,2001,435,1000hl
Asie,Ouzbékistan,2002,336,1000hl
Asie,Ouzbékistan,2003,458,1000hl
Asie,Ouzbékistan,2004,350,1000hl
Asie,Ouzbékistan,2005,241,1000hl
Asie,Ouzbékistan,2006,231,1000hl
Asie,Ouzbékistan,2007,250,1000hl
Asie,Ouzbékistan,2008,245,1000hl
Asie,Ouzbékistan,2009,211,1000hl
Asie,Ouzbékistan,2010,213,1000hl
Asie,Ouzbékistan,2011,361,1000hl
Asie,Ouzbékistan,2012,375,1000hl
Asie,Ouzbékistan,2013,358,1000hl
Asie,Ouzbékistan,2014,253,1000hl
Asie,Ouzbékistan,2015,255,1000hl
Asie,Ouzbékistan,2016,272,1000hl
Asie,Ouzbékistan,2017,256,1000hl
Asie,Ouzbékistan,2018,236,1000hl
Asie,Ouzbékistan,2019,236,1000hl
Amérique,Panama,1995,2,1000hl
Amérique,Panama,1996,2,1000hl
Amérique,Panama,1997,2,1000hl
Amérique,Panama,1998,2,1000hl
Amérique,Panama,1999,2,1000hl
Amérique,Panama,2000,1,1000hl
Amérique,Panama,2001,1,1000hl
Amérique,Panama,2002,1,1000hl
Amérique,Panama,2003,1,1000hl
Amérique,Panama,2004,1,1000hl
Amérique,Panama,2005,1,1000hl
Amérique,Panama,2006,1,1000hl
Amérique,Panama,2007,1,1000hl
Amérique,Panama,2008,1,1000hl
Amérique,Panama,2009,1,1000hl
Amérique,Panama,2010,2,1000hl
Amérique,Panama,2011,1,1000hl
Amérique,Panama,2012,1,1000hl
Amérique,Panama,2013,1,1000hl
Amérique,Panama,2014,2,1000hl
Amérique,Panama,2015,1,1000hl
Amérique,Panama,2016,1,1000hl
Amérique,Panama,2017,1,1000hl
Amérique,Panama,2018,1,1000hl
Amérique,Panama,2019,1,1000hl
Amérique,Paraguay,1995,77,1000hl
Amérique,Paraguay,1996,80,1000hl
Amérique,Paraguay,1997,80,1000hl
Amérique,Paraguay,1998,80,1000hl
Amérique,Paraguay,1999,74,1000hl
Amérique,Paraguay,2000,56,1000hl
Amérique,Paraguay,2001,60,1000hl
Amérique,Paraguay,2002,60,1000hl
Amérique,Paraguay,2003,60,1000hl
Amérique,Paraguay,2004,60,1000hl
Amérique,Paraguay,2005,16,1000hl
Amérique,Paraguay,2006,25,1000hl
Amérique,Paraguay,2007,16,1000hl
Amérique,Paraguay,2008,14,1000hl
Amérique,Paraguay,2009,15,1000hl
Amérique,Paraguay,2010,13,1000hl
Amérique,Paraguay,2011,14,1000hl
Amérique,Paraguay,2012,14,1000hl
Amérique,Paraguay,2013,15,1000hl
Amérique,Paraguay,2014,15,1000hl
Amérique,Paraguay,2015,15,1000hl
Amérique,Paraguay,2016,16,1000hl
Amérique,Paraguay,2017,16,1000hl
Amérique,Paraguay,2018,19,1000hl
Amérique,Paraguay,2019,19,1000hl
Europe,Portugal,1995,7255,1000hl
Europe,Portugal,1996,9712,1000hl
Europe,Portugal,1997,6124,1000hl
Europe,Portugal,1998,3750,1000hl
Europe,Portugal,1999,7844,1000hl
Europe,Portugal,2000,6710,1000hl
Europe,Portugal,2001,7789,1000hl
Europe,Portugal,2002,6677,1000hl
Europe,Portugal,2003,7340,1000hl
Europe,Portugal,2004,7481,1000hl
Europe,Portugal,2005,7266,1000hl
Europe,Portugal,2006,7542,1000hl
Europe,Portugal,2007,6073,1000hl
Europe,Portugal,2008,5689,1000hl
Europe,Portugal,2009,5894,1000hl
Europe,Portugal,2010,7148,1000hl
Europe,Portugal,2011,5622,1000hl
Europe,Portugal,2012,6327,1000hl
Europe,Portugal,2013,6231,1000hl
Europe,Portugal,2014,6206,1000hl
Europe,Portugal,2015,7048,1000hl
Europe,Portugal,2016,6010,1000hl
Europe,Portugal,2017,6737,1000hl
Europe,Portugal,2018,6060,1000hl
Europe,Portugal,2019,6527,1000hl
Amérique,Pérou,1995,106,1000hl
Amérique,Pérou,1996,111,1000hl
Amérique,Pérou,1997,120,1000hl
Amérique,Pérou,1998,120,1000hl
Amérique,Pérou,1999,127,1000hl
Amérique,Pérou,2000,330,1000hl
Amérique,Pérou,2001,373,1000hl
Amérique,Pérou,2002,408,1000hl
Amérique,Pérou,2003,458,1000hl
Amérique,Pérou,2004,480,1000hl
Amérique,Pérou,2005,590,1000hl
Amérique,Pérou,2006,600,1000hl
Amérique,Pérou,2007,610,1000hl
Amérique,Pérou,2008,620,1000hl
Amérique,Pérou,2009,515,1000hl
Amérique,Pérou,2010,520,1000hl
Amérique,Pérou,2011,630,1000hl
Amérique,Pérou,2012,650,1000hl
Amérique,Pérou,2013,700,1000hl
Amérique,Pérou,2014,730,1000hl
Amérique,Pérou,2015,747,1000hl
Amérique,Pérou,2016,750,1000hl
Amérique,Pérou,2017,765,1000hl
Amérique,Pérou,2018,820,1000hl
Amérique,Pérou,2019,820,1000hl
Europe,Roumanie,1995,6720,1000hl
Europe,Roumanie,1996,7663,1000hl
Europe,Roumanie,1997,6688,1000hl
Europe,Roumanie,1998,5002,1000hl
Europe,Roumanie,1999,6054,1000hl
Europe,Roumanie,2000,5456,1000hl
Europe,Roumanie,2001,5090,1000hl
Europe,Roumanie,2002,5461,1000hl
Europe,Roumanie,2003,5555,1000hl
Europe,Roumanie,2004,6166,1000hl
Europe,Roumanie,2005,2602,1000hl
Europe,Roumanie,2006,5014,1000hl
Europe,Roumanie,2007,5289,1000hl
Europe,Roumanie,2008,5159,1000hl
Europe,Roumanie,2009,6703,1000hl
Europe,Roumanie,2010,3287,1000hl
Europe,Roumanie,2011,4058,1000hl
Europe,Roumanie,2012,3311,1000hl
Europe,Roumanie,2013,5113,1000hl
Europe,Roumanie,2014,3750,1000hl
Europe,Roumanie,2015,3628,1000hl
Europe,Roumanie,2016,3267,1000hl
Europe,Roumanie,2017,4317,1000hl
Europe,Roumanie,2018,5088,1000hl
Europe,Roumanie,2019,3808,1000hl
Europe,Royaume-uni,1995,18,1000hl
Europe,Royaume-uni,1996,26,1000hl
Europe,Royaume-uni,1997,6,1000hl
Europe,Royaume-uni,1998,12,1000hl
Europe,Royaume-uni,1999,13,1000hl
Europe,Royaume-uni,2000,14,1000hl
Europe,Royaume-uni,2001,15,1000hl
Europe,Royaume-uni,2002,10,1000hl
Europe,Royaume-uni,2003,15,1000hl
Europe,Royaume-uni,2004,17,1000hl
Europe,Royaume-uni,2005,17,1000hl
Europe,Royaume-uni,2006,20,1000hl
Europe,Royaume-uni,2007,22,1000hl
Europe,Royaume-uni,2008,19,1000hl
Europe,Royaume-uni,2009,22,1000hl
Europe,Royaume-uni,2010,28,1000hl
Europe,Royaume-uni,2011,23,1000hl
Europe,Royaume-uni,2012,8,1000hl
Europe,Royaume-uni,2013,33,1000hl
Europe,Royaume-uni,2014,47,1000hl
Europe,Royaume-uni,2015,40,1000hl
Europe,Royaume-uni,2016,38,1000hl
Europe,Royaume-uni,2017,40,1000hl
Europe,Royaume-uni,2018,98,1000hl
Europe,Royaume-uni,2019,79,1000hl
Europe,République Tchèque,1995,459,1000hl
Europe,République Tchèque,1996,516,1000hl
Europe,République Tchèque,1997,405,1000hl
Europe,République Tchèque,1998,560,1000hl
Europe,République Tchèque,1999,563,1000hl
Europe,République Tchèque,2000,525,1000hl
Europe,République Tchèque,2001,518,1000hl
Europe,République Tchèque,2002,495,1000hl
Europe,République Tchèque,2003,510,1000hl
Europe,République Tchèque,2004,540,1000hl
Europe,République Tchèque,2005,436,1000hl
Europe,République Tchèque,2006,432,1000hl
Europe,République Tchèque,2007,820,1000hl
Europe,République Tchèque,2008,840,1000hl
Europe,République Tchèque,2009,570,1000hl
Europe,République Tchèque,2010,564,1000hl
Europe,République Tchèque,2011,650,1000hl
Europe,République Tchèque,2012,470,1000hl
Europe,République Tchèque,2013,501,1000hl
Europe,République Tchèque,2014,536,1000hl
Europe,République Tchèque,2015,819,1000hl
Europe,République Tchèque,2016,631,1000hl
Europe,République Tchèque,2017,645,1000hl
Europe,République Tchèque,2018,691,1000hl
Europe,République Tchèque,2019,492,1000hl
Asie,République Arabe Syrienne,1995,2,1000hl
Asie,République Arabe Syrienne,1996,3,1000hl
Asie,République Arabe Syrienne,1997,3,1000hl
Asie,République Arabe Syrienne,1998,2,1000hl
Asie,République Arabe Syrienne,1999,2,1000hl
Asie,République Arabe Syrienne,2000,3,1000hl
Asie,République Arabe Syrienne,2001,3,1000hl
Asie,République Arabe Syrienne,2002,3,1000hl
Asie,République Arabe Syrienne,2003,3,1000hl
Asie,République Arabe Syrienne,2004,3,1000hl
Asie,République Arabe Syrienne,2005,2,1000hl
Asie,République Arabe Syrienne,2006,2,1000hl
Asie,République Arabe Syrienne,2007,2,1000hl
Asie,République Arabe Syrienne,2008,2,1000hl
Asie,République Arabe Syrienne,2009,2,1000hl
Asie,République Arabe Syrienne,2010,1,1000hl
Asie,République Arabe Syrienne,2011,1,1000hl
Asie,République Arabe Syrienne,2012,1,1000hl
Asie,République Arabe Syrienne,2013,1,1000hl
Asie,République Arabe Syrienne,2014,1,1000hl
Asie,République Arabe Syrienne,2015,1,1000hl
Asie,République Arabe Syrienne,2016,1,1000hl
Asie,République Arabe Syrienne,2017,1,1000hl
Asie,République Arabe Syrienne,2018,1,1000hl
Asie,République Arabe Syrienne,2019,1,1000hl
Europe,République De Macédoine Du Nord,1995,911,1000hl
Europe,République De Macédoine Du Nord,1996,1010,1000hl
Europe,République De Macédoine Du Nord,1997,958,1000hl
Europe,République De Macédoine Du Nord,1998,1227,1000hl
Europe,République De Macédoine Du Nord,1999,912,1000hl
Europe,République De Macédoine Du Nord,2000,961,1000hl
Europe,République De Macédoine Du Nord,2001,830,1000hl
Europe,République De Macédoine Du Nord,2002,447,1000hl
Europe,République De Macédoine Du Nord,2003,930,1000hl
Europe,République De Macédoine Du Nord,2004,1059,1000hl
Europe,République De Macédoine Du Nord,2005,836,1000hl
Europe,République De Macédoine Du Nord,2006,615,1000hl
Europe,République De Macédoine Du Nord,2007,1075,1000hl
Europe,République De Macédoine Du Nord,2008,924,1000hl
Europe,République De Macédoine Du Nord,2009,955,1000hl
Europe,République De Macédoine Du Nord,2010,772,1000hl
Europe,République De Macédoine Du Nord,2011,665,1000hl
Europe,République De Macédoine Du Nord,2012,781,1000hl
Europe,République De Macédoine Du Nord,2013,1024,1000hl
Europe,République De Macédoine Du Nord,2014,510,1000hl
Europe,République De Macédoine Du Nord,2015,797,1000hl
Europe,République De Macédoine Du Nord,2016,785,1000hl
Europe,République De Macédoine Du Nord,2017,369,1000hl
Europe,République De Macédoine Du Nord,2018,525,1000hl
Europe,République De Macédoine Du Nord,2019,525,1000hl
Europe,Serbie,2006,1292,1000hl
Europe,Serbie,2007,1670,1000hl
Europe,Serbie,2008,1929,1000hl
Europe,Serbie,2009,2392,1000hl
Europe,Serbie,2010,1200,1000hl
Europe,Serbie,2011,1949,1000hl
Europe,Serbie,2012,1581,1000hl
Europe,Serbie,2013,1200,1000hl
Europe,Serbie,2014,734,1000hl
Europe,Serbie,2015,758,1000hl
Europe,Serbie,2016,648,1000hl
Europe,Serbie,2017,736,1000hl
Europe,Serbie,2018,665,1000hl
Europe,Serbie,2019,705,1000hl
Europe,Slovaquie,1995,662,1000hl
Europe,Slovaquie,1996,376,1000hl
Europe,Slovaquie,1997,586,1000hl
Europe,Slovaquie,1998,490,1000hl
Europe,Slovaquie,1999,497,1000hl
Europe,Slovaquie,2000,489,1000hl
Europe,Slovaquie,2001,480,1000hl
Europe,Slovaquie,2002,332,1000hl
Europe,Slovaquie,2003,431,1000hl
Europe,Slovaquie,2004,364,1000hl
Europe,Slovaquie,2005,292,1000hl
Europe,Slovaquie,2006,400,1000hl
Europe,Slovaquie,2007,340,1000hl
Europe,Slovaquie,2008,415,1000hl
Europe,Slovaquie,2009,330,1000hl
Europe,Slovaquie,2010,190,1000hl
Europe,Slovaquie,2011,343,1000hl
Europe,Slovaquie,2012,310,1000hl
Europe,Slovaquie,2013,318,1000hl
Europe,Slovaquie,2014,258,1000hl
Europe,Slovaquie,2015,340,1000hl
Europe,Slovaquie,2016,309,1000hl
Europe,Slovaquie,2017,298,1000hl
Europe,Slovaquie,2018,381,1000hl
Europe,Slovaquie,2019,319,1000hl
Europe,Slovénie,1995,781,1000hl
Europe,Slovénie,1996,539,1000hl
Europe,Slovénie,1997,580,1000hl
Europe,Slovénie,1998,484,1000hl
Europe,Slovénie,1999,367,1000hl
Europe,Slovénie,2000,412,1000hl
Europe,Slovénie,2001,645,1000hl
Europe,Slovénie,2002,540,1000hl
Europe,Slovénie,2003,671,1000hl
Europe,Slovénie,2004,506,1000hl
Europe,Slovénie,2005,634,1000hl
Europe,Slovénie,2006,527,1000hl
Europe,Slovénie,2007,664,1000hl
Europe,Slovénie,2008,555,1000hl
Europe,Slovénie,2009,593,1000hl
Europe,Slovénie,2010,570,1000hl
Europe,Slovénie,2011,638,1000hl
Europe,Slovénie,2012,485,1000hl
Europe,Slovénie,2013,526,1000hl
Europe,Slovénie,2014,494,1000hl
Europe,Slovénie,2015,617,1000hl
Europe,Slovénie,2016,739,1000hl
Europe,Slovénie,2017,630,1000hl
Europe,Slovénie,2018,889,1000hl
Europe,Slovénie,2019,758,1000hl
Europe,Suisse,1995,1181,1000hl
Europe,Suisse,1996,1304,1000hl
Europe,Suisse,1997,1045,1000hl
Europe,Suisse,1998,1172,1000hl
Europe,Suisse,1999,1312,1000hl
Europe,Suisse,2000,1276,1000hl
Europe,Suisse,2001,1173,1000hl
Europe,Suisse,2002,1112,1000hl
Europe,Suisse,2003,967,1000hl
Europe,Suisse,2004,1159,1000hl
Europe,Suisse,2005,1001,1000hl
Europe,Suisse,2006,1011,1000hl
Europe,Suisse,2007,1039,1000hl
Europe,Suisse,2008,1072,1000hl
Europe,Suisse,2009,1112,1000hl
Europe,Suisse,2010,1030,1000hl
Europe,Suisse,2011,1119,1000hl
Europe,Suisse,2012,1004,1000hl
Europe,Suisse,2013,839,1000hl
Europe,Suisse,2014,934,1000hl
Europe,Suisse,2015,850,1000hl
Europe,Suisse,2016,1077,1000hl
Europe,Suisse,2017,792,1000hl
Europe,Suisse,2018,1112,1000hl
Europe,Suisse,2019,979,1000hl
Asie,Tadjikistan,1995,95,1000hl
Asie,Tadjikistan,1996,131,1000hl
Asie,Tadjikistan,1997,82,1000hl
Asie,Tadjikistan,1998,65,1000hl
Asie,Tadjikistan,1999,52,1000hl
Asie,Tadjikistan,2000,39,1000hl
Asie,Tadjikistan,2001,56,1000hl
Asie,Tadjikistan,2002,60,1000hl
Asie,Tadjikistan,2003,20,1000hl
Asie,Tadjikistan,2004,62,1000hl
Asie,Tadjikistan,2005,50,1000hl
Asie,Tadjikistan,2006,40,1000hl
Asie,Tadjikistan,2007,2,1000hl
Asie,Tadjikistan,2008,3,1000hl
Asie,Tadjikistan,2009,3,1000hl
Asie,Tadjikistan,2010,2,1000hl
Asie,Tadjikistan,2011,2,1000hl
Asie,Tadjikistan,2012,2,1000hl
Asie,Tadjikistan,2013,2,1000hl
Asie,Tadjikistan,2014,2,1000hl
Asie,Tadjikistan,2015,1,1000hl
Asie,Tadjikistan,2016,2,1000hl
Asie,Tadjikistan,2017,2,1000hl
Asie,Tadjikistan,2018,2,1000hl
Asie,Tadjikistan,2019,2,1000hl
Afrique,Tunisie,1995,292,1000hl
Afrique,Tunisie,1996,221,1000hl
Afrique,Tunisie,1997,372,1000hl
Afrique,Tunisie,1998,352,1000hl
Afrique,Tunisie,1999,468,1000hl
Afrique,Tunisie,2000,397,1000hl
Afrique,Tunisie,2001,310,1000hl
Afrique,Tunisie,2002,264,1000hl
Afrique,Tunisie,2003,235,1000hl
Afrique,Tunisie,2004,358,1000hl
Afrique,Tunisie,2005,286,1000hl
Afrique,Tunisie,2006,347,1000hl
Afrique,Tunisie,2007,216,1000hl
Afrique,Tunisie,2008,291,1000hl
Afrique,Tunisie,2009,245,1000hl
Afrique,Tunisie,2010,222,1000hl
Afrique,Tunisie,2011,230,1000hl
Afrique,Tunisie,2012,284,1000hl
Afrique,Tunisie,2013,328,1000hl
Afrique,Tunisie,2014,320,1000hl
Afrique,Tunisie,2015,325,1000hl
Afrique,Tunisie,2016,305,1000hl
Afrique,Tunisie,2017,305,1000hl
Afrique,Tunisie,2018,320,1000hl
Afrique,Tunisie,2019,320,1000hl
Asie,Turkménistan,1995,492,1000hl
Asie,Turkménistan,1996,150,1000hl
Asie,Turkménistan,1997,360,1000hl
Asie,Turkménistan,1998,360,1000hl
Asie,Turkménistan,1999,354,1000hl
Asie,Turkménistan,2000,360,1000hl
Asie,Turkménistan,2001,396,1000hl
Asie,Turkménistan,2002,402,1000hl
Asie,Turkménistan,2003,408,1000hl
Asie,Turkménistan,2004,420,1000hl
Asie,Turkménistan,2005,432,1000hl
Asie,Turkménistan,2006,438,1000hl
Asie,Turkménistan,2007,444,1000hl
Asie,Turkménistan,2008,390,1000hl
Asie,Turkménistan,2009,402,1000hl
Asie,Turkménistan,2010,390,1000hl
Asie,Turkménistan,2011,390,1000hl
Asie,Turkménistan,2012,390,1000hl
Asie,Turkménistan,2013,390,1000hl
Asie,Turkménistan,2014,379,1000hl
Asie,Turkménistan,2015,383,1000hl
Asie,Turkménistan,2016,382,1000hl
Asie,Turkménistan,2017,385,1000hl
Asie,Turkménistan,2018,387,1000hl
Asie,Turkménistan,2019,387,1000hl
Asie,Turquie,1995,318,1000hl
Asie,Turquie,1996,363,1000hl
Asie,Turquie,1997,336,1000hl
Asie,Turquie,1998,345,1000hl
Asie,Turquie,1999,264,1000hl
Asie,Turquie,2000,248,1000hl
Asie,Turquie,2001,268,1000hl
Asie,Turquie,2002,262,1000hl
Asie,Turquie,2003,225,1000hl
Asie,Turquie,2004,309,1000hl
Asie,Turquie,2005,287,1000hl
Asie,Turquie,2006,253,1000hl
Asie,Turquie,2007,244,1000hl
Asie,Turquie,2008,393,1000hl
Asie,Turquie,2009,476,1000hl
Asie,Turquie,2010,601,1000hl
Asie,Turquie,2011,571,1000hl
Asie,Turquie,2012,546,1000hl
Asie,Turquie,2013,604,1000hl
Asie,Turquie,2014,604,1000hl
Asie,Turquie,2015,617,1000hl
Asie,Turquie,2016,496,1000hl
Asie,Turquie,2017,644,1000hl
Asie,Turquie,2018,754,1000hl
Asie,Turquie,2019,725,1000hl
Europe,Ukraine,1995,1860,1000hl
Europe,Ukraine,1996,1720,1000hl
Europe,Ukraine,1997,1550,1000hl
Europe,Ukraine,1998,1260,1000hl
Europe,Ukraine,1999,1250,1000hl
Europe,Ukraine,2000,1290,1000hl
Europe,Ukraine,2001,1780,1000hl
Europe,Ukraine,2002,2430,1000hl
Europe,Ukraine,2003,2380,1000hl
Europe,Ukraine,2004,2012,1000hl
Europe,Ukraine,2005,2130,1000hl
Europe,Ukraine,2006,2160,1000hl
Europe,Ukraine,2007,2516,1000hl
Europe,Ukraine,2008,2651,1000hl
Europe,Ukraine,2009,3181,1000hl
Europe,Ukraine,2010,3002,1000hl
Europe,Ukraine,2011,3170,1000hl
Europe,Ukraine,2012,2400,1000hl
Europe,Ukraine,2013,2827,1000hl
Europe,Ukraine,2014,1229,1000hl
Europe,Ukraine,2015,920,1000hl
Europe,Ukraine,2016,1242,1000hl
Europe,Ukraine,2017,1039,1000hl
Europe,Ukraine,2018,1010,1000hl
Europe,Ukraine,2019,990,1000hl
Amérique,Uruguay,1995,852,1000hl
Amérique,Uruguay,1996,963,1000hl
Amérique,Uruguay,1997,1028,1000hl
Amérique,Uruguay,1998,1050,1000hl
Amérique,Uruguay,1999,1050,1000hl
Amérique,Uruguay,2000,904,1000hl
Amérique,Uruguay,2001,873,1000hl
Amérique,Uruguay,2002,714,1000hl
Amérique,Uruguay,2003,840,1000hl
Amérique,Uruguay,2004,1126,1000hl
Amérique,Uruguay,2005,876,1000hl
Amérique,Uruguay,2006,939,1000hl
Amérique,Uruguay,2007,884,1000hl
Amérique,Uruguay,2008,796,1000hl
Amérique,Uruguay,2009,620,1000hl
Amérique,Uruguay,2010,769,1000hl
Amérique,Uruguay,2011,901,1000hl
Amérique,Uruguay,2012,962,1000hl
Amérique,Uruguay,2013,667,1000hl
Amérique,Uruguay,2014,670,1000hl
Amérique,Uruguay,2015,658,1000hl
Amérique,Uruguay,2016,755,1000hl
Amérique,Uruguay,2017,763,1000hl
Amérique,Uruguay,2018,745,1000hl
Amérique,Uruguay,2019,585,1000hl
Afrique,Zimbabwe,1995,15,1000hl
Afrique,Zimbabwe,1996,15,1000hl
Afrique,Zimbabwe,1997,17,1000hl
Afrique,Zimbabwe,1998,16,1000hl
Afrique,Zimbabwe,1999,17,1000hl
Afrique,Zimbabwe,2000,16,1000hl
Afrique,Zimbabwe,2001,16,1000hl
Afrique,Zimbabwe,2002,16,1000hl
Afrique,Zimbabwe,2003,16,1000hl
Afrique,Zimbabwe,2004,16,1000hl
Afrique,Zimbabwe,2005,21,1000hl
Afrique,Zimbabwe,2006,24,1000hl
Afrique,Zimbabwe,2007,18,1000hl
Afrique,Zimbabwe,2008,18,1000hl
Afrique,Zimbabwe,2009,18,1000hl
Afrique,Zimbabwe,2010,18,1000hl
Afrique,Zimbabwe,2011,18,1000hl
Afrique,Zimbabwe,2012,18,1000hl
Afrique,Zimbabwe,2013,18,1000hl
Afrique,Zimbabwe,2014,21,1000hl
Afrique,Zimbabwe,2015,23,1000hl
Afrique,Zimbabwe,2016,20,1000hl
Afrique,Zimbabwe,2017,22,1000hl
Afrique,Zimbabwe,2018,20,1000hl
Afrique,Zimbabwe,2019,20,1000hl
