Continent,Pays,Année,Exportations de vin,Unite
Afrique,Afrique Du Sud,1995,712,1000hl
Afrique,Afrique Du Sud,1996,996,1000hl
Afrique,Afrique Du Sud,1997,1106,1000hl
Afrique,Afrique Du Sud,1998,1184,1000hl
Afrique,Afrique Du Sud,1999,1291,1000hl
Afrique,Afrique Du Sud,2000,1410,1000hl
Afrique,Afrique Du Sud,2001,1773,1000hl
Afrique,Afrique Du Sud,2002,2174,1000hl
Afrique,Afrique Du Sud,2003,2385,1000hl
Afrique,Afrique Du Sud,2004,2677,1000hl
Afrique,Afrique Du Sud,2005,3508,1000hl
Afrique,Afrique Du Sud,2006,2729,1000hl
Afrique,Afrique Du Sud,2007,5016,1000hl
Afrique,Afrique Du Sud,2008,4354,1000hl
Afrique,Afrique Du Sud,2009,4303,1000hl
Afrique,Afrique Du Sud,2010,4210,1000hl
Afrique,Afrique Du Sud,2011,4049,1000hl
Afrique,Afrique Du Sud,2012,4460,1000hl
Afrique,Afrique Du Sud,2013,6041,1000hl
Afrique,Afrique Du Sud,2014,4795,1000hl
Afrique,Afrique Du Sud,2015,4837,1000hl
Afrique,Afrique Du Sud,2016,4971,1000hl
Afrique,Afrique Du Sud,2017,5158,1000hl
Afrique,Afrique Du Sud,2018,5298,1000hl
Afrique,Afrique Du Sud,2019,4111,1000hl
Afrique,Algerie,1995,128,1000hl
Afrique,Algerie,1996,195,1000hl
Afrique,Algerie,1997,61,1000hl
Afrique,Algerie,1998,40,1000hl
Afrique,Algerie,1999,26,1000hl
Afrique,Algerie,2000,55,1000hl
Afrique,Algerie,2001,29,1000hl
Afrique,Algerie,2002,40,1000hl
Afrique,Algerie,2003,70,1000hl
Afrique,Algerie,2004,70,1000hl
Afrique,Algerie,2005,50,1000hl
Afrique,Algerie,2006,20,1000hl
Afrique,Algerie,2007,24,1000hl
Afrique,Algerie,2008,17,1000hl
Afrique,Algerie,2009,7,1000hl
Afrique,Algerie,2010,12,1000hl
Afrique,Algerie,2011,8,1000hl
Afrique,Algerie,2012,4,1000hl
Afrique,Algerie,2013,2,1000hl
Afrique,Algerie,2014,3,1000hl
Afrique,Algerie,2015,2,1000hl
Afrique,Algerie,2016,2,1000hl
Afrique,Algerie,2017,3,1000hl
Afrique,Algerie,2018,2,1000hl
Afrique,Algerie,2019,1,1000hl
Europe,Allemagne,1995,2302,1000hl
Europe,Allemagne,1996,2465,1000hl
Europe,Allemagne,1997,2229,1000hl
Europe,Allemagne,1998,2226,1000hl
Europe,Allemagne,1999,2315,1000hl
Europe,Allemagne,2000,2414,1000hl
Europe,Allemagne,2001,2372,1000hl
Europe,Allemagne,2002,2375,1000hl
Europe,Allemagne,2003,2773,1000hl
Europe,Allemagne,2004,2709,1000hl
Europe,Allemagne,2005,2970,1000hl
Europe,Allemagne,2006,3197,1000hl
Europe,Allemagne,2007,3543,1000hl
Europe,Allemagne,2008,3580,1000hl
Europe,Allemagne,2009,3557,1000hl
Europe,Allemagne,2010,3929,1000hl
Europe,Allemagne,2011,4145,1000hl
Europe,Allemagne,2012,3973,1000hl
Europe,Allemagne,2013,3903,1000hl
Europe,Allemagne,2014,3675,1000hl
Europe,Allemagne,2015,3928,1000hl
Europe,Allemagne,2016,3609,1000hl
Europe,Allemagne,2017,3836,1000hl
Europe,Allemagne,2018,3731,1000hl
Europe,Allemagne,2019,3839,1000hl
Afrique,Angola,2015,9,1000hl
Afrique,Angola,2016,23,1000hl
Afrique,Angola,2017,9,1000hl
Afrique,Angola,2018,9,1000hl
Afrique,Angola,2019,54,1000hl
Amerique,Antigua-et-barbuda,2004,3,1000hl
Amerique,Antigua-et-barbuda,2006,1,1000hl
Amerique,Antigua-et-barbuda,2007,1,1000hl
Amerique,Antigua-et-barbuda,2008,1,1000hl
Amerique,Antigua-et-barbuda,2009,1,1000hl
Amerique,Antigua-et-barbuda,2010,2,1000hl
Amerique,Argentine,1995,1970,1000hl
Amerique,Argentine,1996,1120,1000hl
Amerique,Argentine,1997,1205,1000hl
Amerique,Argentine,1998,1089,1000hl
Amerique,Argentine,1999,880,1000hl
Amerique,Argentine,2000,843,1000hl
Amerique,Argentine,2001,882,1000hl
Amerique,Argentine,2002,1234,1000hl
Amerique,Argentine,2003,1852,1000hl
Amerique,Argentine,2004,1553,1000hl
Amerique,Argentine,2005,2148,1000hl
Amerique,Argentine,2006,2934,1000hl
Amerique,Argentine,2007,3598,1000hl
Amerique,Argentine,2008,4141,1000hl
Amerique,Argentine,2009,2830,1000hl
Amerique,Argentine,2010,2744,1000hl
Amerique,Argentine,2011,3115,1000hl
Amerique,Argentine,2012,3656,1000hl
Amerique,Argentine,2013,3150,1000hl
Amerique,Argentine,2014,2626,1000hl
Amerique,Argentine,2015,2675,1000hl
Amerique,Argentine,2016,2598,1000hl
Amerique,Argentine,2017,2233,1000hl
Amerique,Argentine,2018,2757,1000hl
Amerique,Argentine,2019,2993,1000hl
Asie,Armenie,1995,2,1000hl
Asie,Armenie,1996,4,1000hl
Asie,Armenie,1997,9,1000hl
Asie,Armenie,1998,8,1000hl
Asie,Armenie,1999,2,1000hl
Asie,Armenie,2000,5,1000hl
Asie,Armenie,2001,16,1000hl
Asie,Armenie,2002,6,1000hl
Asie,Armenie,2003,3,1000hl
Asie,Armenie,2004,4,1000hl
Asie,Armenie,2005,5,1000hl
Asie,Armenie,2006,4,1000hl
Asie,Armenie,2007,9,1000hl
Asie,Armenie,2008,5,1000hl
Asie,Armenie,2009,5,1000hl
Asie,Armenie,2010,9,1000hl
Asie,Armenie,2011,7,1000hl
Asie,Armenie,2012,12,1000hl
Asie,Armenie,2013,14,1000hl
Asie,Armenie,2014,21,1000hl
Asie,Armenie,2015,14,1000hl
Asie,Armenie,2016,18,1000hl
Asie,Armenie,2017,27,1000hl
Asie,Armenie,2018,25,1000hl
Asie,Armenie,2019,28,1000hl
Oceanie,Australie,1995,1161,1000hl
Oceanie,Australie,1996,1477,1000hl
Oceanie,Australie,1997,1709,1000hl
Oceanie,Australie,1998,1983,1000hl
Oceanie,Australie,1999,2161,1000hl
Oceanie,Australie,2000,3109,1000hl
Oceanie,Australie,2001,3750,1000hl
Oceanie,Australie,2002,4715,1000hl
Oceanie,Australie,2003,5365,1000hl
Oceanie,Australie,2004,6426,1000hl
Oceanie,Australie,2005,7019,1000hl
Oceanie,Australie,2006,7598,1000hl
Oceanie,Australie,2007,7862,1000hl
Oceanie,Australie,2008,6985,1000hl
Oceanie,Australie,2009,7719,1000hl
Oceanie,Australie,2010,7811,1000hl
Oceanie,Australie,2011,7011,1000hl
Oceanie,Australie,2012,7214,1000hl
Oceanie,Australie,2013,7111,1000hl
Oceanie,Australie,2014,7242,1000hl
Oceanie,Australie,2015,7445,1000hl
Oceanie,Australie,2016,7636,1000hl
Oceanie,Australie,2017,8176,1000hl
Oceanie,Australie,2018,8488,1000hl
Oceanie,Australie,2019,7435,1000hl
Europe,Autriche,1995,197,1000hl
Europe,Autriche,1996,170,1000hl
Europe,Autriche,1997,217,1000hl
Europe,Autriche,1998,112,1000hl
Europe,Autriche,1999,227,1000hl
Europe,Autriche,2000,346,1000hl
Europe,Autriche,2001,524,1000hl
Europe,Autriche,2002,393,1000hl
Europe,Autriche,2003,678,1000hl
Europe,Autriche,2004,730,1000hl
Europe,Autriche,2005,671,1000hl
Europe,Autriche,2006,561,1000hl
Europe,Autriche,2007,517,1000hl
Europe,Autriche,2008,609,1000hl
Europe,Autriche,2009,696,1000hl
Europe,Autriche,2010,620,1000hl
Europe,Autriche,2011,453,1000hl
Europe,Autriche,2012,471,1000hl
Europe,Autriche,2013,470,1000hl
Europe,Autriche,2014,497,1000hl
Europe,Autriche,2015,486,1000hl
Europe,Autriche,2016,485,1000hl
Europe,Autriche,2017,481,1000hl
Europe,Autriche,2018,526,1000hl
Europe,Autriche,2019,608,1000hl
Asie,Azerbaidjan,1995,257,1000hl
Asie,Azerbaidjan,1996,152,1000hl
Asie,Azerbaidjan,1997,388,1000hl
Asie,Azerbaidjan,1998,130,1000hl
Asie,Azerbaidjan,1999,36,1000hl
Asie,Azerbaidjan,2000,21,1000hl
Asie,Azerbaidjan,2001,14,1000hl
Asie,Azerbaidjan,2002,2,1000hl
Asie,Azerbaidjan,2003,5,1000hl
Asie,Azerbaidjan,2004,5,1000hl
Asie,Azerbaidjan,2005,5,1000hl
Asie,Azerbaidjan,2006,16,1000hl
Asie,Azerbaidjan,2007,17,1000hl
Asie,Azerbaidjan,2008,18,1000hl
Asie,Azerbaidjan,2009,14,1000hl
Asie,Azerbaidjan,2010,19,1000hl
Asie,Azerbaidjan,2011,34,1000hl
Asie,Azerbaidjan,2012,39,1000hl
Asie,Azerbaidjan,2013,38,1000hl
Asie,Azerbaidjan,2014,35,1000hl
Asie,Azerbaidjan,2015,1,1000hl
Asie,Azerbaidjan,2016,1,1000hl
Asie,Azerbaidjan,2017,37,1000hl
Asie,Azerbaidjan,2018,66,1000hl
Asie,Azerbaidjan,2019,53,1000hl
Amerique,Bahamas,2016,1,1000hl
Amerique,Barbade,1995,1,1000hl
Amerique,Barbade,1997,1,1000hl
Amerique,Barbade,2001,1,1000hl
Amerique,Barbade,2008,1,1000hl
Amerique,Barbade,2009,1,1000hl
Amerique,Barbade,2010,1,1000hl
Amerique,Barbade,2011,1,1000hl
Amerique,Barbade,2012,1,1000hl
Amerique,Barbade,2016,1,1000hl
Amerique,Barbade,2017,1,1000hl
Amerique,Barbade,2018,1,1000hl
Amerique,Barbade,2019,1,1000hl
Europe,Belgique Et Luxembourg,1995,328,1000hl
Europe,Belgique Et Luxembourg,1996,181,1000hl
Europe,Belgique Et Luxembourg,1997,219,1000hl
Europe,Belgique Et Luxembourg,1998,236,1000hl
Europe,Belgique Et Luxembourg,1999,239,1000hl
Europe,Belgique Et Luxembourg,2000,283,1000hl
Europe,Belgique,2001,206,1000hl
Europe,Belgique,2002,192,1000hl
Europe,Belgique,2003,179,1000hl
Europe,Belgique,2004,169,1000hl
Europe,Belgique,2005,206,1000hl
Europe,Belgique,2006,215,1000hl
Europe,Belgique,2007,334,1000hl
Europe,Belgique,2008,405,1000hl
Europe,Belgique,2009,258,1000hl
Europe,Belgique,2010,215,1000hl
Europe,Belgique,2011,246,1000hl
Europe,Belgique,2012,261,1000hl
Europe,Belgique,2013,292,1000hl
Europe,Belgique,2014,314,1000hl
Europe,Belgique,2015,342,1000hl
Europe,Belgique,2016,301,1000hl
Europe,Belgique,2017,331,1000hl
Europe,Belgique,2018,385,1000hl
Europe,Belgique,2019,431,1000hl
Amerique,"Bolivie, Etat Plurinational ",2019,1,1000hl
Europe,Bosnie-herzegovine,1995,20,1000hl
Europe,Bosnie-herzegovine,1996,27,1000hl
Europe,Bosnie-herzegovine,1997,23,1000hl
Europe,Bosnie-herzegovine,1998,4,1000hl
Europe,Bosnie-herzegovine,1999,22,1000hl
Europe,Bosnie-herzegovine,2000,4,1000hl
Europe,Bosnie-herzegovine,2001,19,1000hl
Europe,Bosnie-herzegovine,2002,19,1000hl
Europe,Bosnie-herzegovine,2003,35,1000hl
Europe,Bosnie-herzegovine,2004,53,1000hl
Europe,Bosnie-herzegovine,2005,36,1000hl
Europe,Bosnie-herzegovine,2006,24,1000hl
Europe,Bosnie-herzegovine,2007,21,1000hl
Europe,Bosnie-herzegovine,2008,24,1000hl
Europe,Bosnie-herzegovine,2009,25,1000hl
Europe,Bosnie-herzegovine,2010,30,1000hl
Europe,Bosnie-herzegovine,2011,31,1000hl
Europe,Bosnie-herzegovine,2012,28,1000hl
Europe,Bosnie-herzegovine,2013,33,1000hl
Europe,Bosnie-herzegovine,2014,23,1000hl
Europe,Bosnie-herzegovine,2015,18,1000hl
Europe,Bosnie-herzegovine,2016,20,1000hl
Europe,Bosnie-herzegovine,2017,17,1000hl
Europe,Bosnie-herzegovine,2018,36,1000hl
Europe,Bosnie-herzegovine,2019,37,1000hl
Afrique,Botswana,1995,2,1000hl
Afrique,Botswana,1996,2,1000hl
Afrique,Botswana,1998,1,1000hl
Afrique,Botswana,2002,1,1000hl
Afrique,Botswana,2008,1,1000hl
Afrique,Botswana,2011,1,1000hl
Afrique,Botswana,2012,1,1000hl
Afrique,Botswana,2013,1,1000hl
Amerique,Bresil,1995,146,1000hl
Amerique,Bresil,1996,145,1000hl
Amerique,Bresil,1997,153,1000hl
Amerique,Bresil,1998,78,1000hl
Amerique,Bresil,1999,76,1000hl
Amerique,Bresil,2000,65,1000hl
Amerique,Bresil,2001,56,1000hl
Amerique,Bresil,2002,23,1000hl
Amerique,Bresil,2003,15,1000hl
Amerique,Bresil,2004,30,1000hl
Amerique,Bresil,2005,36,1000hl
Amerique,Bresil,2006,34,1000hl
Amerique,Bresil,2007,27,1000hl
Amerique,Bresil,2008,96,1000hl
Amerique,Bresil,2009,257,1000hl
Amerique,Bresil,2010,15,1000hl
Amerique,Bresil,2011,13,1000hl
Amerique,Bresil,2012,59,1000hl
Amerique,Bresil,2013,91,1000hl
Amerique,Bresil,2014,27,1000hl
Amerique,Bresil,2015,13,1000hl
Amerique,Bresil,2016,20,1000hl
Amerique,Bresil,2017,32,1000hl
Amerique,Bresil,2018,42,1000hl
Amerique,Bresil,2019,38,1000hl
Europe,Bulgarie,1995,1997,1000hl
Europe,Bulgarie,1996,1805,1000hl
Europe,Bulgarie,1997,1626,1000hl
Europe,Bulgarie,1998,1526,1000hl
Europe,Bulgarie,1999,978,1000hl
Europe,Bulgarie,2000,793,1000hl
Europe,Bulgarie,2001,791,1000hl
Europe,Bulgarie,2002,788,1000hl
Europe,Bulgarie,2003,768,1000hl
Europe,Bulgarie,2004,905,1000hl
Europe,Bulgarie,2005,1142,1000hl
Europe,Bulgarie,2006,1127,1000hl
Europe,Bulgarie,2007,1185,1000hl
Europe,Bulgarie,2008,939,1000hl
Europe,Bulgarie,2009,617,1000hl
Europe,Bulgarie,2010,605,1000hl
Europe,Bulgarie,2011,668,1000hl
Europe,Bulgarie,2012,669,1000hl
Europe,Bulgarie,2013,613,1000hl
Europe,Bulgarie,2014,503,1000hl
Europe,Bulgarie,2015,495,1000hl
Europe,Bulgarie,2016,454,1000hl
Europe,Bulgarie,2017,451,1000hl
Europe,Bulgarie,2018,414,1000hl
Europe,Bulgarie,2019,449,1000hl
Afrique,Burkina Faso,2001,7,1000hl
Afrique,Burkina Faso,2002,2,1000hl
Afrique,Burkina Faso,2012,3,1000hl
Afrique,Burkina Faso,2013,1,1000hl
Afrique,Burkina Faso,2014,2,1000hl
Afrique,Burkina Faso,2016,1,1000hl
Afrique,Burkina Faso,2017,1,1000hl
Afrique,Burkina Faso,2018,1,1000hl
Afrique,Burkina Faso,2019,1,1000hl
Europe,Belarus,1995,47,1000hl
Europe,Belarus,1996,20,1000hl
Europe,Belarus,1997,45,1000hl
Europe,Belarus,1998,18,1000hl
Europe,Belarus,1999,17,1000hl
Europe,Belarus,2000,10,1000hl
Europe,Belarus,2001,11,1000hl
Europe,Belarus,2002,25,1000hl
Europe,Belarus,2003,13,1000hl
Europe,Belarus,2004,6,1000hl
Europe,Belarus,2005,8,1000hl
Europe,Belarus,2006,6,1000hl
Europe,Belarus,2007,4,1000hl
Europe,Belarus,2008,2,1000hl
Europe,Belarus,2009,2,1000hl
Europe,Belarus,2010,2,1000hl
Europe,Belarus,2011,3,1000hl
Europe,Belarus,2012,5,1000hl
Europe,Belarus,2013,5,1000hl
Europe,Belarus,2014,8,1000hl
Europe,Belarus,2015,16,1000hl
Europe,Belarus,2016,22,1000hl
Europe,Belarus,2017,22,1000hl
Europe,Belarus,2018,27,1000hl
Europe,Belarus,2019,31,1000hl
Afrique,Benin,2001,8,1000hl
Afrique,Benin,2002,12,1000hl
Afrique,Benin,2003,5,1000hl
Afrique,Benin,2005,3,1000hl
Afrique,Benin,2008,17,1000hl
Afrique,Benin,2009,26,1000hl
Asie,Cambodge,2001,2,1000hl
Afrique,Cameroun,1996,2,1000hl
Afrique,Cameroun,2000,6,1000hl
Afrique,Cameroun,2001,6,1000hl
Afrique,Cameroun,2002,9,1000hl
Afrique,Cameroun,2003,6,1000hl
Afrique,Cameroun,2004,31,1000hl
Afrique,Cameroun,2005,18,1000hl
Afrique,Cameroun,2006,16,1000hl
Afrique,Cameroun,2007,12,1000hl
Afrique,Cameroun,2008,8,1000hl
Afrique,Cameroun,2009,7,1000hl
Afrique,Cameroun,2010,6,1000hl
Afrique,Cameroun,2011,5,1000hl
Afrique,Cameroun,2012,5,1000hl
Afrique,Cameroun,2013,3,1000hl
Afrique,Cameroun,2014,1,1000hl
Afrique,Cameroun,2015,1,1000hl
Afrique,Cameroun,2016,1,1000hl
Afrique,Cameroun,2018,1,1000hl
Afrique,Cameroun,2019,1,1000hl
Amerique,Canada,1995,13,1000hl
Amerique,Canada,1996,12,1000hl
Amerique,Canada,1997,25,1000hl
Amerique,Canada,1998,14,1000hl
Amerique,Canada,1999,15,1000hl
Amerique,Canada,2000,25,1000hl
Amerique,Canada,2001,29,1000hl
Amerique,Canada,2002,18,1000hl
Amerique,Canada,2003,31,1000hl
Amerique,Canada,2004,25,1000hl
Amerique,Canada,2005,19,1000hl
Amerique,Canada,2006,15,1000hl
Amerique,Canada,2007,30,1000hl
Amerique,Canada,2008,86,1000hl
Amerique,Canada,2009,111,1000hl
Amerique,Canada,2010,151,1000hl
Amerique,Canada,2011,229,1000hl
Amerique,Canada,2012,268,1000hl
Amerique,Canada,2013,423,1000hl
Amerique,Canada,2014,647,1000hl
Amerique,Canada,2015,734,1000hl
Amerique,Canada,2016,717,1000hl
Amerique,Canada,2017,884,1000hl
Amerique,Canada,2018,960,1000hl
Amerique,Canada,2019,1401,1000hl
Afrique,Cap-vert,2000,1,1000hl
Amerique,Chili,1995,1290,1000hl
Amerique,Chili,1996,1841,1000hl
Amerique,Chili,1997,2163,1000hl
Amerique,Chili,1998,2298,1000hl
Amerique,Chili,1999,2298,1000hl
Amerique,Chili,2000,2647,1000hl
Amerique,Chili,2001,3089,1000hl
Amerique,Chili,2002,3553,1000hl
Amerique,Chili,2003,4029,1000hl
Amerique,Chili,2004,4740,1000hl
Amerique,Chili,2005,4209,1000hl
Amerique,Chili,2006,4740,1000hl
Amerique,Chili,2007,6100,1000hl
Amerique,Chili,2008,5885,1000hl
Amerique,Chili,2009,6931,1000hl
Amerique,Chili,2010,7321,1000hl
Amerique,Chili,2011,6600,1000hl
Amerique,Chili,2012,7439,1000hl
Amerique,Chili,2013,8789,1000hl
Amerique,Chili,2014,8066,1000hl
Amerique,Chili,2015,8768,1000hl
Amerique,Chili,2016,9076,1000hl
Amerique,Chili,2017,9412,1000hl
Amerique,Chili,2018,8427,1000hl
Amerique,Chili,2019,8690,1000hl
Asie,Chine,1995,26,1000hl
Asie,Chine,1996,29,1000hl
Asie,Chine,1997,28,1000hl
Asie,Chine,1998,33,1000hl
Asie,Chine,1999,45,1000hl
Asie,Chine,2000,42,1000hl
Asie,Chine,2001,30,1000hl
Asie,Chine,2002,23,1000hl
Asie,Chine,2003,21,1000hl
Asie,Chine,2004,21,1000hl
Asie,Chine,2005,29,1000hl
Asie,Chine,2006,43,1000hl
Asie,Chine,2007,98,1000hl
Asie,Chine,2008,54,1000hl
Asie,Chine,2009,15,1000hl
Asie,Chine,2010,15,1000hl
Asie,Chine,2011,19,1000hl
Asie,Chine,2012,20,1000hl
Asie,Chine,2013,19,1000hl
Asie,Chine,2014,37,1000hl
Asie,Chine,2015,82,1000hl
Asie,Chine,2016,100,1000hl
Asie,Chine,2017,94,1000hl
Asie,Chine,2018,63,1000hl
Asie,Chine,2019,36,1000hl
Asie,Chypre,1995,504,1000hl
Asie,Chypre,1996,162,1000hl
Asie,Chypre,1997,118,1000hl
Asie,Chypre,1998,64,1000hl
Asie,Chypre,1999,59,1000hl
Asie,Chypre,2000,78,1000hl
Asie,Chypre,2001,68,1000hl
Asie,Chypre,2002,63,1000hl
Asie,Chypre,2003,107,1000hl
Asie,Chypre,2004,59,1000hl
Asie,Chypre,2005,80,1000hl
Asie,Chypre,2006,34,1000hl
Asie,Chypre,2007,73,1000hl
Asie,Chypre,2008,31,1000hl
Asie,Chypre,2009,28,1000hl
Asie,Chypre,2010,18,1000hl
Asie,Chypre,2011,22,1000hl
Asie,Chypre,2012,16,1000hl
Asie,Chypre,2013,12,1000hl
Asie,Chypre,2014,10,1000hl
Asie,Chypre,2015,10,1000hl
Asie,Chypre,2016,6,1000hl
Asie,Chypre,2017,5,1000hl
Asie,Chypre,2018,7,1000hl
Asie,Chypre,2019,4,1000hl
Amerique,Colombie,2004,2,1000hl
Amerique,Colombie,2005,1,1000hl
Amerique,Colombie,2011,1,1000hl
Afrique,Congo,2003,2,1000hl
Afrique,Congo,2007,3,1000hl
Afrique,Congo,2009,3,1000hl
Afrique,Congo,2010,3,1000hl
Afrique,Congo,2011,3,1000hl
Afrique,Congo,2012,4,1000hl
Afrique,Congo,2013,4,1000hl
Afrique,Congo,2014,5,1000hl
Afrique,Congo,2016,4,1000hl
Afrique,Congo,2017,3,1000hl
Afrique,Congo,2018,2,1000hl
Afrique,Congo,2019,1,1000hl
Asie,"Coree, Republique",1997,1,1000hl
Asie,"Coree, Republique",1998,4,1000hl
Asie,"Coree, Republique",1999,1,1000hl
Asie,"Coree, Republique",2001,1,1000hl
Asie,"Coree, Republique",2006,1,1000hl
Asie,"Coree, Republique",2007,1,1000hl
Asie,"Coree, Republique",2008,1,1000hl
Asie,"Coree, Republique",2009,1,1000hl
Asie,"Coree, Republique",2010,1,1000hl
Asie,"Coree, Republique",2014,1,1000hl
Asie,"Coree, Republique",2015,1,1000hl
Asie,"Coree, Republique",2016,2,1000hl
Asie,"Coree, Republique",2017,1,1000hl
Asie,"Coree, Republique",2018,1,1000hl
Asie,"Coree, Republique",2019,2,1000hl
Amerique,Costa Rica,1997,1,1000hl
Europe,Croatie,1995,193,1000hl
Europe,Croatie,1996,240,1000hl
Europe,Croatie,1997,78,1000hl
Europe,Croatie,1998,87,1000hl
Europe,Croatie,1999,66,1000hl
Europe,Croatie,2000,78,1000hl
Europe,Croatie,2001,94,1000hl
Europe,Croatie,2002,108,1000hl
Europe,Croatie,2003,84,1000hl
Europe,Croatie,2004,49,1000hl
Europe,Croatie,2005,28,1000hl
Europe,Croatie,2006,30,1000hl
Europe,Croatie,2007,31,1000hl
Europe,Croatie,2008,28,1000hl
Europe,Croatie,2009,26,1000hl
Europe,Croatie,2010,24,1000hl
Europe,Croatie,2011,38,1000hl
Europe,Croatie,2012,58,1000hl
Europe,Croatie,2013,30,1000hl
Europe,Croatie,2014,37,1000hl
Europe,Croatie,2015,49,1000hl
Europe,Croatie,2016,36,1000hl
Europe,Croatie,2017,52,1000hl
Europe,Croatie,2018,57,1000hl
Europe,Croatie,2019,53,1000hl
Amerique,Cuba,2019,1,1000hl
Afrique,Cote D ivoire,1999,2,1000hl
Afrique,Cote D ivoire,2000,2,1000hl
Afrique,Cote D ivoire,2001,2,1000hl
Afrique,Cote D ivoire,2002,1,1000hl
Afrique,Cote D ivoire,2004,1,1000hl
Afrique,Cote D ivoire,2015,1,1000hl
Afrique,Cote D ivoire,2017,1,1000hl
Afrique,Cote D ivoire,2018,1,1000hl
Afrique,Cote D ivoire,2019,1,1000hl
Europe,Danemark,1995,36,1000hl
Europe,Danemark,1996,44,1000hl
Europe,Danemark,1997,92,1000hl
Europe,Danemark,1998,108,1000hl
Europe,Danemark,1999,111,1000hl
Europe,Danemark,2000,171,1000hl
Europe,Danemark,2001,257,1000hl
Europe,Danemark,2002,299,1000hl
Europe,Danemark,2003,344,1000hl
Europe,Danemark,2004,395,1000hl
Europe,Danemark,2005,391,1000hl
Europe,Danemark,2006,215,1000hl
Europe,Danemark,2007,334,1000hl
Europe,Danemark,2008,408,1000hl
Europe,Danemark,2009,362,1000hl
Europe,Danemark,2010,344,1000hl
Europe,Danemark,2011,233,1000hl
Europe,Danemark,2012,369,1000hl
Europe,Danemark,2013,429,1000hl
Europe,Danemark,2014,366,1000hl
Europe,Danemark,2015,309,1000hl
Europe,Danemark,2016,320,1000hl
Europe,Danemark,2017,273,1000hl
Europe,Danemark,2018,272,1000hl
Europe,Danemark,2019,272,1000hl
Amerique,Dominique,2003,1,1000hl
Amerique,Dominique,2006,1,1000hl
Afrique,Egypte,2008,5,1000hl
Afrique,Egypte,2009,2,1000hl
Amerique,Equateur,2004,1,1000hl
Amerique,Equateur,2005,1,1000hl
Amerique,Equateur,2006,1,1000hl
Amerique,Equateur,2008,1,1000hl
Amerique,Equateur,2009,1,1000hl
Amerique,Equateur,2010,1,1000hl
Europe,Espagne,1995,6260,1000hl
Europe,Espagne,1996,6729,1000hl
Europe,Espagne,1997,8679,1000hl
Europe,Espagne,1998,10718,1000hl
Europe,Espagne,1999,9308,1000hl
Europe,Espagne,2000,8651,1000hl
Europe,Espagne,2001,9946,1000hl
Europe,Espagne,2002,9594,1000hl
Europe,Espagne,2003,12359,1000hl
Europe,Espagne,2004,14042,1000hl
Europe,Espagne,2005,14439,1000hl
Europe,Espagne,2006,14340,1000hl
Europe,Espagne,2007,15079,1000hl
Europe,Espagne,2008,16914,1000hl
Europe,Espagne,2009,14607,1000hl
Europe,Espagne,2010,17156,1000hl
Europe,Espagne,2011,22031,1000hl
Europe,Espagne,2012,21411,1000hl
Europe,Espagne,2013,18241,1000hl
Europe,Espagne,2014,22282,1000hl
Europe,Espagne,2015,23964,1000hl
Europe,Espagne,2016,22260,1000hl
Europe,Espagne,2017,23037,1000hl
Europe,Espagne,2018,19962,1000hl
Europe,Espagne,2019,21406,1000hl
Europe,Estonie,1995,5,1000hl
Europe,Estonie,1996,4,1000hl
Europe,Estonie,1998,1,1000hl
Europe,Estonie,1999,1,1000hl
Europe,Estonie,2000,2,1000hl
Europe,Estonie,2001,1,1000hl
Europe,Estonie,2002,1,1000hl
Europe,Estonie,2003,5,1000hl
Europe,Estonie,2004,5,1000hl
Europe,Estonie,2005,13,1000hl
Europe,Estonie,2006,34,1000hl
Europe,Estonie,2007,45,1000hl
Europe,Estonie,2008,35,1000hl
Europe,Estonie,2009,45,1000hl
Europe,Estonie,2010,52,1000hl
Europe,Estonie,2011,56,1000hl
Europe,Estonie,2012,46,1000hl
Europe,Estonie,2013,40,1000hl
Europe,Estonie,2014,35,1000hl
Europe,Estonie,2015,32,1000hl
Europe,Estonie,2016,49,1000hl
Europe,Estonie,2017,64,1000hl
Europe,Estonie,2018,60,1000hl
Europe,Estonie,2019,55,1000hl
Asie,Etat De Palestine,1995,1,1000hl
Asie,Etat De Palestine,1997,1,1000hl
Asie,Etat De Palestine,1998,1,1000hl
Asie,Etat De Palestine,1999,1,1000hl
Asie,Etat De Palestine,2000,1,1000hl
Asie,Etat De Palestine,2005,1,1000hl
Asie,Etat De Palestine,2014,3,1000hl
Asie,Etat De Palestine,2015,2,1000hl
Asie,Etat De Palestine,2016,1,1000hl
Amerique,Etats-unis,1995,1329,1000hl
Amerique,Etats-unis,1996,1615,1000hl
Amerique,Etats-unis,1997,2040,1000hl
Amerique,Etats-unis,1998,2520,1000hl
Amerique,Etats-unis,1999,2624,1000hl
Amerique,Etats-unis,2000,2769,1000hl
Amerique,Etats-unis,2001,2844,1000hl
Amerique,Etats-unis,2002,2662,1000hl
Amerique,Etats-unis,2003,3293,1000hl
Amerique,Etats-unis,2004,3874,1000hl
Amerique,Etats-unis,2005,3459,1000hl
Amerique,Etats-unis,2006,3761,1000hl
Amerique,Etats-unis,2007,4231,1000hl
Amerique,Etats-unis,2008,4638,1000hl
Amerique,Etats-unis,2009,3974,1000hl
Amerique,Etats-unis,2010,4009,1000hl
Amerique,Etats-unis,2011,4165,1000hl
Amerique,Etats-unis,2012,4004,1000hl
Amerique,Etats-unis,2013,4147,1000hl
Amerique,Etats-unis,2014,4047,1000hl
Amerique,Etats-unis,2015,4189,1000hl
Amerique,Etats-unis,2016,3790,1000hl
Amerique,Etats-unis,2017,3454,1000hl
Amerique,Etats-unis,2018,3487,1000hl
Amerique,Etats-unis,2019,3573,1000hl
Afrique,Ethiopie,2011,1,1000hl
Afrique,Ethiopie,2012,2,1000hl
Afrique,Ethiopie,2014,1,1000hl
Afrique,Ethiopie,2015,1,1000hl
Afrique,Ethiopie,2016,1,1000hl
Afrique,Ethiopie,2018,1,1000hl
Afrique,Ethiopie,2019,1,1000hl
Europe,Finlande,1995,2,1000hl
Europe,Finlande,1996,2,1000hl
Europe,Finlande,1997,1,1000hl
Europe,Finlande,1998,2,1000hl
Europe,Finlande,1999,1,1000hl
Europe,Finlande,2000,1,1000hl
Europe,Finlande,2001,3,1000hl
Europe,Finlande,2002,2,1000hl
Europe,Finlande,2003,3,1000hl
Europe,Finlande,2004,8,1000hl
Europe,Finlande,2005,9,1000hl
Europe,Finlande,2006,11,1000hl
Europe,Finlande,2007,19,1000hl
Europe,Finlande,2008,19,1000hl
Europe,Finlande,2009,27,1000hl
Europe,Finlande,2010,28,1000hl
Europe,Finlande,2011,12,1000hl
Europe,Finlande,2012,8,1000hl
Europe,Finlande,2013,11,1000hl
Europe,Finlande,2014,76,1000hl
Europe,Finlande,2015,95,1000hl
Europe,Finlande,2016,94,1000hl
Europe,Finlande,2017,90,1000hl
Europe,Finlande,2018,95,1000hl
Europe,Finlande,2019,102,1000hl
Europe,France,1995,11478,1000hl
Europe,France,1996,12990,1000hl
Europe,France,1997,15737,1000hl
Europe,France,1998,16485,1000hl
Europe,France,1999,16105,1000hl
Europe,France,2000,15039,1000hl
Europe,France,2001,15126,1000hl
Europe,France,2002,15541,1000hl
Europe,France,2003,15148,1000hl
Europe,France,2004,14210,1000hl
Europe,France,2005,13834,1000hl
Europe,France,2006,14861,1000hl
Europe,France,2007,14506,1000hl
Europe,France,2008,12798,1000hl
Europe,France,2009,12969,1000hl
Europe,France,2010,13888,1000hl
Europe,France,2011,14722,1000hl
Europe,France,2012,15006,1000hl
Europe,France,2013,14532,1000hl
Europe,France,2014,14307,1000hl
Europe,France,2015,13982,1000hl
Europe,France,2016,14539,1000hl
Europe,France,2017,14821,1000hl
Europe,France,2018,14186,1000hl
Europe,France,2019,14281,1000hl
Europe,Federation De Russie,1995,118,1000hl
Europe,Federation De Russie,1996,88,1000hl
Europe,Federation De Russie,1997,9,1000hl
Europe,Federation De Russie,1998,8,1000hl
Europe,Federation De Russie,1999,8,1000hl
Europe,Federation De Russie,2000,15,1000hl
Europe,Federation De Russie,2001,9,1000hl
Europe,Federation De Russie,2002,10,1000hl
Europe,Federation De Russie,2003,12,1000hl
Europe,Federation De Russie,2004,12,1000hl
Europe,Federation De Russie,2005,8,1000hl
Europe,Federation De Russie,2006,141,1000hl
Europe,Federation De Russie,2007,24,1000hl
Europe,Federation De Russie,2008,13,1000hl
Europe,Federation De Russie,2009,8,1000hl
Europe,Federation De Russie,2010,9,1000hl
Europe,Federation De Russie,2011,6,1000hl
Europe,Federation De Russie,2012,6,1000hl
Europe,Federation De Russie,2013,6,1000hl
Europe,Federation De Russie,2014,7,1000hl
Europe,Federation De Russie,2015,57,1000hl
Europe,Federation De Russie,2016,49,1000hl
Europe,Federation De Russie,2017,36,1000hl
Europe,Federation De Russie,2018,33,1000hl
Europe,Federation De Russie,2019,44,1000hl
Afrique,Gabon,2006,2,1000hl
Afrique,Gabon,2013,4,1000hl
Afrique,Gabon,2014,3,1000hl
Afrique,Gabon,2015,1,1000hl
Afrique,Ghana,2000,1,1000hl
Afrique,Ghana,2001,2,1000hl
Afrique,Ghana,2004,1,1000hl
Afrique,Ghana,2008,2,1000hl
Afrique,Ghana,2009,4,1000hl
Afrique,Ghana,2010,2,1000hl
Afrique,Ghana,2011,8,1000hl
Afrique,Ghana,2012,8,1000hl
Afrique,Ghana,2013,4,1000hl
Afrique,Ghana,2014,8,1000hl
Afrique,Ghana,2015,8,1000hl
Afrique,Ghana,2016,10,1000hl
Afrique,Ghana,2017,30,1000hl
Afrique,Ghana,2018,30,1000hl
Amerique,Groenland,2003,2,1000hl
Amerique,Groenland,2004,4,1000hl
Amerique,Groenland,2005,5,1000hl
Amerique,Groenland,2007,3,1000hl
Amerique,Groenland,2008,2,1000hl
Amerique,Groenland,2009,2,1000hl
Amerique,Groenland,2010,2,1000hl
Amerique,Groenland,2011,2,1000hl
Amerique,Groenland,2012,2,1000hl
Amerique,Groenland,2013,2,1000hl
Europe,Grece,1995,544,1000hl
Europe,Grece,1996,485,1000hl
Europe,Grece,1997,462,1000hl
Europe,Grece,1998,593,1000hl
Europe,Grece,1999,493,1000hl
Europe,Grece,2000,430,1000hl
Europe,Grece,2001,553,1000hl
Europe,Grece,2002,291,1000hl
Europe,Grece,2003,364,1000hl
Europe,Grece,2004,351,1000hl
Europe,Grece,2005,289,1000hl
Europe,Grece,2006,320,1000hl
Europe,Grece,2007,320,1000hl
Europe,Grece,2008,340,1000hl
Europe,Grece,2009,304,1000hl
Europe,Grece,2010,370,1000hl
Europe,Grece,2011,376,1000hl
Europe,Grece,2012,289,1000hl
Europe,Grece,2013,243,1000hl
Europe,Grece,2014,282,1000hl
Europe,Grece,2015,278,1000hl
Europe,Grece,2016,274,1000hl
Europe,Grece,2017,262,1000hl
Europe,Grece,2018,304,1000hl
Europe,Grece,2019,289,1000hl
Amerique,Guatemala,1995,3,1000hl
Amerique,Guatemala,1996,2,1000hl
Amerique,Guatemala,1997,1,1000hl
Amerique,Guatemala,1998,2,1000hl
Amerique,Guatemala,1999,2,1000hl
Amerique,Guatemala,2000,2,1000hl
Amerique,Guatemala,2001,2,1000hl
Amerique,Guatemala,2003,1,1000hl
Amerique,Guatemala,2004,1,1000hl
Amerique,Guatemala,2005,2,1000hl
Amerique,Guatemala,2006,2,1000hl
Amerique,Guatemala,2007,4,1000hl
Amerique,Guatemala,2008,5,1000hl
Amerique,Guatemala,2009,2,1000hl
Amerique,Guatemala,2010,3,1000hl
Amerique,Guatemala,2011,3,1000hl
Amerique,Guatemala,2012,3,1000hl
Amerique,Guatemala,2013,1,1000hl
Amerique,Guatemala,2014,5,1000hl
Amerique,Guatemala,2015,5,1000hl
Amerique,Guatemala,2016,5,1000hl
Amerique,Guatemala,2017,5,1000hl
Amerique,Guatemala,2018,5,1000hl
Amerique,Guatemala,2019,5,1000hl
Amerique,Guyana,2006,1,1000hl
Amerique,Guyana,2007,1,1000hl
Amerique,Guyana,2009,2,1000hl
Amerique,Guyana,2011,1,1000hl
Amerique,Guyana,2012,1,1000hl
Amerique,Guyana,2013,1,1000hl
Amerique,Guyana,2014,1,1000hl
Amerique,Guyana,2015,2,1000hl
Amerique,Guyana,2016,1,1000hl
Asie,Georgie,1995,35,1000hl
Asie,Georgie,1996,37,1000hl
Asie,Georgie,1997,124,1000hl
Asie,Georgie,1998,154,1000hl
Asie,Georgie,1999,145,1000hl
Asie,Georgie,2000,159,1000hl
Asie,Georgie,2001,167,1000hl
Asie,Georgie,2002,172,1000hl
Asie,Georgie,2003,237,1000hl
Asie,Georgie,2004,234,1000hl
Asie,Georgie,2005,416,1000hl
Asie,Georgie,2006,150,1000hl
Asie,Georgie,2007,93,1000hl
Asie,Georgie,2008,106,1000hl
Asie,Georgie,2009,96,1000hl
Asie,Georgie,2010,122,1000hl
Asie,Georgie,2011,169,1000hl
Asie,Georgie,2012,202,1000hl
Asie,Georgie,2013,359,1000hl
Asie,Georgie,2014,459,1000hl
Asie,Georgie,2015,272,1000hl
Asie,Georgie,2016,376,1000hl
Asie,Georgie,2017,579,1000hl
Asie,Georgie,2018,627,1000hl
Asie,Georgie,2019,701,1000hl
Amerique,Honduras,2005,1,1000hl
Asie,"Hong-kong, Chine",1995,5,1000hl
Asie,"Hong-kong, Chine",1996,32,1000hl
Asie,"Hong-kong, Chine",1997,244,1000hl
Asie,"Hong-kong, Chine",1998,154,1000hl
Asie,"Hong-kong, Chine",1999,20,1000hl
Asie,"Hong-kong, Chine",2000,10,1000hl
Asie,"Hong-kong, Chine",2001,10,1000hl
Asie,"Hong-kong, Chine",2002,10,1000hl
Asie,"Hong-kong, Chine",2003,10,1000hl
Asie,"Hong-kong, Chine",2004,17,1000hl
Asie,"Hong-kong, Chine",2005,20,1000hl
Asie,"Hong-kong, Chine",2006,36,1000hl
Asie,"Hong-kong, Chine",2007,58,1000hl
Asie,"Hong-kong, Chine",2008,69,1000hl
Asie,"Hong-kong, Chine",2009,85,1000hl
Asie,"Hong-kong, Chine",2010,123,1000hl
Asie,"Hong-kong, Chine",2011,185,1000hl
Asie,"Hong-kong, Chine",2012,187,1000hl
Asie,"Hong-kong, Chine",2013,191,1000hl
Asie,"Hong-kong, Chine",2014,223,1000hl
Asie,"Hong-kong, Chine",2015,273,1000hl
Asie,"Hong-kong, Chine",2016,272,1000hl
Asie,"Hong-kong, Chine",2017,245,1000hl
Asie,"Hong-kong, Chine",2018,166,1000hl
Asie,"Hong-kong, Chine",2019,112,1000hl
Europe,Hongrie,1995,1269,1000hl
Europe,Hongrie,1996,1062,1000hl
Europe,Hongrie,1997,1006,1000hl
Europe,Hongrie,1998,1076,1000hl
Europe,Hongrie,1999,872,1000hl
Europe,Hongrie,2000,802,1000hl
Europe,Hongrie,2001,696,1000hl
Europe,Hongrie,2002,767,1000hl
Europe,Hongrie,2003,689,1000hl
Europe,Hongrie,2004,458,1000hl
Europe,Hongrie,2005,523,1000hl
Europe,Hongrie,2006,534,1000hl
Europe,Hongrie,2007,483,1000hl
Europe,Hongrie,2008,669,1000hl
Europe,Hongrie,2009,722,1000hl
Europe,Hongrie,2010,828,1000hl
Europe,Hongrie,2011,622,1000hl
Europe,Hongrie,2012,528,1000hl
Europe,Hongrie,2013,544,1000hl
Europe,Hongrie,2014,632,1000hl
Europe,Hongrie,2015,699,1000hl
Europe,Hongrie,2016,750,1000hl
Europe,Hongrie,2017,838,1000hl
Europe,Hongrie,2018,1284,1000hl
Europe,Hongrie,2019,1106,1000hl
Asie,Inde,1995,1,1000hl
Asie,Inde,1996,2,1000hl
Asie,Inde,1997,1,1000hl
Asie,Inde,1998,3,1000hl
Asie,Inde,1999,1,1000hl
Asie,Inde,2000,2,1000hl
Asie,Inde,2001,4,1000hl
Asie,Inde,2002,4,1000hl
Asie,Inde,2003,3,1000hl
Asie,Inde,2004,3,1000hl
Asie,Inde,2005,5,1000hl
Asie,Inde,2006,11,1000hl
Asie,Inde,2007,13,1000hl
Asie,Inde,2008,16,1000hl
Asie,Inde,2009,21,1000hl
Asie,Inde,2010,7,1000hl
Asie,Inde,2011,11,1000hl
Asie,Inde,2012,10,1000hl
Asie,Inde,2013,18,1000hl
Asie,Inde,2014,14,1000hl
Asie,Inde,2015,10,1000hl
Asie,Inde,2016,13,1000hl
Asie,Inde,2017,10,1000hl
Asie,Inde,2018,10,1000hl
Asie,Inde,2019,10,1000hl
Asie,Indonesie,2001,2,1000hl
Asie,Indonesie,2002,2,1000hl
Asie,Indonesie,2003,1,1000hl
Asie,Indonesie,2007,4,1000hl
Asie,Indonesie,2012,8,1000hl
Asie,Indonesie,2013,6,1000hl
Asie,Indonesie,2014,2,1000hl
Asie,Indonesie,2015,4,1000hl
Asie,Indonesie,2016,5,1000hl
Asie,Indonesie,2018,1,1000hl
Asie,Indonesie,2019,1,1000hl
Asie,"Iran, Republique Islamique",2006,1,1000hl
Asie,"Iran, Republique Islamique",2018,19,1000hl
Asie,"Iran, Republique Islamique",2019,6,1000hl
Europe,Irlande,1995,6,1000hl
Europe,Irlande,1996,6,1000hl
Europe,Irlande,1997,6,1000hl
Europe,Irlande,1998,31,1000hl
Europe,Irlande,1999,4,1000hl
Europe,Irlande,2000,3,1000hl
Europe,Irlande,2001,4,1000hl
Europe,Irlande,2002,6,1000hl
Europe,Irlande,2003,6,1000hl
Europe,Irlande,2004,2,1000hl
Europe,Irlande,2005,6,1000hl
Europe,Irlande,2006,2,1000hl
Europe,Irlande,2007,8,1000hl
Europe,Irlande,2008,6,1000hl
Europe,Irlande,2009,9,1000hl
Europe,Irlande,2010,48,1000hl
Europe,Irlande,2011,19,1000hl
Europe,Irlande,2012,5,1000hl
Europe,Irlande,2013,5,1000hl
Europe,Irlande,2014,6,1000hl
Europe,Irlande,2015,10,1000hl
Europe,Irlande,2016,39,1000hl
Europe,Irlande,2017,35,1000hl
Europe,Irlande,2018,53,1000hl
Europe,Irlande,2019,79,1000hl
Europe,Islande,2003,1,1000hl
Europe,Islande,2009,1,1000hl
Europe,Islande,2011,1,1000hl
Europe,Israel,1995,23,1000hl
Europe,Israel,1996,35,1000hl
Europe,Israel,1997,25,1000hl
Europe,Israel,1998,27,1000hl
Europe,Israel,1999,27,1000hl
Europe,Israel,2000,20,1000hl
Europe,Israel,2001,20,1000hl
Europe,Israel,2002,15,1000hl
Europe,Israel,2003,29,1000hl
Europe,Israel,2004,32,1000hl
Europe,Israel,2005,27,1000hl
Europe,Israel,2006,31,1000hl
Europe,Israel,2007,47,1000hl
Europe,Israel,2008,36,1000hl
Europe,Israel,2009,41,1000hl
Europe,Israel,2010,45,1000hl
Europe,Israel,2011,37,1000hl
Europe,Israel,2012,24,1000hl
Europe,Israel,2013,47,1000hl
Europe,Israel,2014,113,1000hl
Europe,Israel,2015,46,1000hl
Europe,Israel,2016,50,1000hl
Europe,Israel,2017,179,1000hl
Europe,Israel,2018,162,1000hl
Europe,Israel,2019,169,1000hl
Europe,Italie,1995,15832,1000hl
Europe,Italie,1996,13415,1000hl
Europe,Italie,1997,12550,1000hl
Europe,Italie,1998,15191,1000hl
Europe,Italie,1999,18320,1000hl
Europe,Italie,2000,14675,1000hl
Europe,Italie,2001,15856,1000hl
Europe,Italie,2002,15794,1000hl
Europe,Italie,2003,13283,1000hl
Europe,Italie,2004,14123,1000hl
Europe,Italie,2005,15721,1000hl
Europe,Italie,2006,18390,1000hl
Europe,Italie,2007,18507,1000hl
Europe,Italie,2008,18067,1000hl
Europe,Italie,2009,19519,1000hl
Europe,Italie,2010,21482,1000hl
Europe,Italie,2011,23500,1000hl
Europe,Italie,2012,21227,1000hl
Europe,Italie,2013,20254,1000hl
Europe,Italie,2014,20424,1000hl
Europe,Italie,2015,20016,1000hl
Europe,Italie,2016,20636,1000hl
Europe,Italie,2017,21447,1000hl
Europe,Italie,2018,19601,1000hl
Europe,Italie,2019,21358,1000hl
Amerique,Jamaique,1995,2,1000hl
Amerique,Jamaique,1996,3,1000hl
Amerique,Jamaique,1997,3,1000hl
Amerique,Jamaique,1998,1,1000hl
Amerique,Jamaique,1999,3,1000hl
Amerique,Jamaique,2000,2,1000hl
Amerique,Jamaique,2001,2,1000hl
Amerique,Jamaique,2002,3,1000hl
Amerique,Jamaique,2003,7,1000hl
Amerique,Jamaique,2004,3,1000hl
Amerique,Jamaique,2005,4,1000hl
Amerique,Jamaique,2006,4,1000hl
Amerique,Jamaique,2007,5,1000hl
Amerique,Jamaique,2008,5,1000hl
Amerique,Jamaique,2009,9,1000hl
Amerique,Jamaique,2010,5,1000hl
Amerique,Jamaique,2011,10,1000hl
Amerique,Jamaique,2012,8,1000hl
Amerique,Jamaique,2013,8,1000hl
Amerique,Jamaique,2014,8,1000hl
Amerique,Jamaique,2015,5,1000hl
Amerique,Jamaique,2016,6,1000hl
Amerique,Jamaique,2017,6,1000hl
Amerique,Jamaique,2018,3,1000hl
Amerique,Jamaique,2019,2,1000hl
Asie,Japon,1995,3,1000hl
Asie,Japon,1996,3,1000hl
Asie,Japon,1997,6,1000hl
Asie,Japon,1998,4,1000hl
Asie,Japon,1999,4,1000hl
Asie,Japon,2000,5,1000hl
Asie,Japon,2001,8,1000hl
Asie,Japon,2002,6,1000hl
Asie,Japon,2003,7,1000hl
Asie,Japon,2004,4,1000hl
Asie,Japon,2005,4,1000hl
Asie,Japon,2006,5,1000hl
Asie,Japon,2007,3,1000hl
Asie,Japon,2008,4,1000hl
Asie,Japon,2009,4,1000hl
Asie,Japon,2010,2,1000hl
Asie,Japon,2011,3,1000hl
Asie,Japon,2012,2,1000hl
Asie,Japon,2013,4,1000hl
Asie,Japon,2014,2,1000hl
Asie,Japon,2015,3,1000hl
Asie,Japon,2016,2,1000hl
Asie,Japon,2017,2,1000hl
Asie,Japon,2018,2,1000hl
Asie,Japon,2019,1,1000hl
Asie,Jordanie,1995,4,1000hl
Asie,Jordanie,2001,1,1000hl
Asie,Jordanie,2002,1,1000hl
Asie,Jordanie,2003,1,1000hl
Asie,Jordanie,2004,1,1000hl
Asie,Jordanie,2017,1,1000hl
Asie,Jordanie,2018,1,1000hl
Asie,Kazakstan,1995,33,1000hl
Asie,Kazakstan,1996,23,1000hl
Asie,Kazakstan,1997,18,1000hl
Asie,Kazakstan,1999,2,1000hl
Asie,Kazakstan,2000,1,1000hl
Asie,Kazakstan,2001,2,1000hl
Asie,Kazakstan,2002,1,1000hl
Asie,Kazakstan,2003,4,1000hl
Asie,Kazakstan,2004,1,1000hl
Asie,Kazakstan,2005,2,1000hl
Asie,Kazakstan,2006,1,1000hl
Asie,Kazakstan,2009,1,1000hl
Asie,Kazakstan,2014,1,1000hl
Asie,Kazakstan,2015,7,1000hl
Asie,Kazakstan,2016,5,1000hl
Asie,Kazakstan,2017,1,1000hl
Asie,Kazakstan,2018,1,1000hl
Afrique,Kenya,1995,2,1000hl
Afrique,Kenya,1996,3,1000hl
Afrique,Kenya,1997,2,1000hl
Afrique,Kenya,1998,1,1000hl
Afrique,Kenya,1999,1,1000hl
Afrique,Kenya,2001,1,1000hl
Afrique,Kenya,2002,3,1000hl
Afrique,Kenya,2003,1,1000hl
Afrique,Kenya,2004,3,1000hl
Afrique,Kenya,2005,2,1000hl
Afrique,Kenya,2006,4,1000hl
Afrique,Kenya,2007,7,1000hl
Afrique,Kenya,2008,8,1000hl
Afrique,Kenya,2009,7,1000hl
Afrique,Kenya,2010,11,1000hl
Afrique,Kenya,2011,13,1000hl
Afrique,Kenya,2012,15,1000hl
Afrique,Kenya,2013,14,1000hl
Afrique,Kenya,2014,12,1000hl
Afrique,Kenya,2015,13,1000hl
Afrique,Kenya,2016,10,1000hl
Afrique,Kenya,2017,6,1000hl
Afrique,Kenya,2018,5,1000hl
Afrique,Kenya,2019,8,1000hl
Asie,Kirghizistan,1995,14,1000hl
Asie,Kirghizistan,1996,12,1000hl
Asie,Kirghizistan,1997,2,1000hl
Asie,Kirghizistan,1998,1,1000hl
Asie,Kirghizistan,1999,6,1000hl
Asie,Kirghizistan,2002,1,1000hl
Asie,Kirghizistan,2003,1,1000hl
Asie,Kirghizistan,2008,1,1000hl
Asie,Kirghizistan,2009,1,1000hl
Asie,Kirghizistan,2010,1,1000hl
Asie,Kirghizistan,2011,1,1000hl
Asie,Kirghizistan,2013,1,1000hl
Asie,Kirghizistan,2015,1,1000hl
Asie,Kirghizistan,2016,2,1000hl
Asie,Kirghizistan,2017,10,1000hl
Asie,Kirghizistan,2018,3,1000hl
Asie,Kirghizistan,2019,5,1000hl
Europe,Lettonie,1995,76,1000hl
Europe,Lettonie,1996,83,1000hl
Europe,Lettonie,1997,155,1000hl
Europe,Lettonie,1998,112,1000hl
Europe,Lettonie,1999,46,1000hl
Europe,Lettonie,2000,35,1000hl
Europe,Lettonie,2001,33,1000hl
Europe,Lettonie,2002,28,1000hl
Europe,Lettonie,2003,30,1000hl
Europe,Lettonie,2004,93,1000hl
Europe,Lettonie,2005,157,1000hl
Europe,Lettonie,2006,192,1000hl
Europe,Lettonie,2007,204,1000hl
Europe,Lettonie,2008,190,1000hl
Europe,Lettonie,2009,191,1000hl
Europe,Lettonie,2010,387,1000hl
Europe,Lettonie,2011,377,1000hl
Europe,Lettonie,2012,431,1000hl
Europe,Lettonie,2013,451,1000hl
Europe,Lettonie,2014,517,1000hl
Europe,Lettonie,2015,405,1000hl
Europe,Lettonie,2016,476,1000hl
Europe,Lettonie,2017,687,1000hl
Europe,Lettonie,2018,737,1000hl
Europe,Lettonie,2019,905,1000hl
Asie,Liban,1995,5,1000hl
Asie,Liban,1996,5,1000hl
Asie,Liban,1997,13,1000hl
Asie,Liban,1998,9,1000hl
Asie,Liban,1999,10,1000hl
Asie,Liban,2000,9,1000hl
Asie,Liban,2001,11,1000hl
Asie,Liban,2002,13,1000hl
Asie,Liban,2003,14,1000hl
Asie,Liban,2004,15,1000hl
Asie,Liban,2005,17,1000hl
Asie,Liban,2006,18,1000hl
Asie,Liban,2007,19,1000hl
Asie,Liban,2008,19,1000hl
Asie,Liban,2009,17,1000hl
Asie,Liban,2010,21,1000hl
Asie,Liban,2011,21,1000hl
Asie,Liban,2012,20,1000hl
Asie,Liban,2013,21,1000hl
Asie,Liban,2014,21,1000hl
Asie,Liban,2015,22,1000hl
Asie,Liban,2016,21,1000hl
Asie,Liban,2017,23,1000hl
Asie,Liban,2018,25,1000hl
Asie,Liban,2019,25,1000hl
Europe,Lituanie,1995,3,1000hl
Europe,Lituanie,1996,1,1000hl
Europe,Lituanie,1997,1,1000hl
Europe,Lituanie,1998,1,1000hl
Europe,Lituanie,1999,2,1000hl
Europe,Lituanie,2000,2,1000hl
Europe,Lituanie,2001,5,1000hl
Europe,Lituanie,2002,4,1000hl
Europe,Lituanie,2003,3,1000hl
Europe,Lituanie,2004,5,1000hl
Europe,Lituanie,2005,11,1000hl
Europe,Lituanie,2006,150,1000hl
Europe,Lituanie,2007,235,1000hl
Europe,Lituanie,2008,282,1000hl
Europe,Lituanie,2009,276,1000hl
Europe,Lituanie,2010,460,1000hl
Europe,Lituanie,2011,594,1000hl
Europe,Lituanie,2012,695,1000hl
Europe,Lituanie,2013,804,1000hl
Europe,Lituanie,2014,799,1000hl
Europe,Lituanie,2015,556,1000hl
Europe,Lituanie,2016,546,1000hl
Europe,Lituanie,2017,662,1000hl
Europe,Lituanie,2018,602,1000hl
Europe,Lituanie,2019,597,1000hl
Europe,Luxembourg,2001,71,1000hl
Europe,Luxembourg,2002,80,1000hl
Europe,Luxembourg,2003,67,1000hl
Europe,Luxembourg,2004,70,1000hl
Europe,Luxembourg,2005,84,1000hl
Europe,Luxembourg,2006,88,1000hl
Europe,Luxembourg,2007,101,1000hl
Europe,Luxembourg,2008,99,1000hl
Europe,Luxembourg,2009,79,1000hl
Europe,Luxembourg,2010,80,1000hl
Europe,Luxembourg,2011,95,1000hl
Europe,Luxembourg,2012,91,1000hl
Europe,Luxembourg,2013,72,1000hl
Europe,Luxembourg,2014,70,1000hl
Europe,Luxembourg,2015,68,1000hl
Europe,Luxembourg,2016,67,1000hl
Europe,Luxembourg,2017,62,1000hl
Europe,Luxembourg,2018,55,1000hl
Europe,Luxembourg,2019,53,1000hl
Asie,"Macao, Chine",1996,2,1000hl
Asie,"Macao, Chine",1997,3,1000hl
Asie,"Macao, Chine",1998,1,1000hl
Asie,"Macao, Chine",1999,1,1000hl
Asie,"Macao, Chine",2000,1,1000hl
Asie,"Macao, Chine",2003,1,1000hl
Asie,"Macao, Chine",2004,1,1000hl
Asie,"Macao, Chine",2006,1,1000hl
Asie,"Macao, Chine",2007,1,1000hl
Asie,"Macao, Chine",2008,2,1000hl
Asie,"Macao, Chine",2009,2,1000hl
Asie,"Macao, Chine",2010,6,1000hl
Asie,"Macao, Chine",2011,6,1000hl
Asie,"Macao, Chine",2012,6,1000hl
Asie,"Macao, Chine",2013,6,1000hl
Asie,"Macao, Chine",2014,7,1000hl
Asie,"Macao, Chine",2015,4,1000hl
Asie,"Macao, Chine",2016,6,1000hl
Asie,"Macao, Chine",2017,5,1000hl
Asie,"Macao, Chine",2018,4,1000hl
Asie,"Macao, Chine",2019,4,1000hl
Afrique,Madagascar,2012,1,1000hl
Afrique,Madagascar,2013,2,1000hl
Afrique,Madagascar,2014,2,1000hl
Afrique,Madagascar,2015,2,1000hl
Afrique,Madagascar,2016,1,1000hl
Asie,Malaisie,1996,1,1000hl
Asie,Malaisie,1997,1,1000hl
Asie,Malaisie,1998,2,1000hl
Asie,Malaisie,1999,5,1000hl
Asie,Malaisie,2000,2,1000hl
Asie,Malaisie,2001,2,1000hl
Asie,Malaisie,2002,3,1000hl
Asie,Malaisie,2003,7,1000hl
Asie,Malaisie,2004,14,1000hl
Asie,Malaisie,2005,21,1000hl
Asie,Malaisie,2006,18,1000hl
Asie,Malaisie,2007,31,1000hl
Asie,Malaisie,2008,20,1000hl
Asie,Malaisie,2009,19,1000hl
Asie,Malaisie,2010,28,1000hl
Asie,Malaisie,2011,27,1000hl
Asie,Malaisie,2012,23,1000hl
Asie,Malaisie,2013,23,1000hl
Asie,Malaisie,2014,23,1000hl
Asie,Malaisie,2015,42,1000hl
Asie,Malaisie,2016,45,1000hl
Asie,Malaisie,2017,30,1000hl
Asie,Malaisie,2018,19,1000hl
Asie,Malaisie,2019,20,1000hl
Afrique,Mali,2013,1,1000hl
Europe,Malte,1998,1,1000hl
Europe,Malte,1999,1,1000hl
Europe,Malte,2000,1,1000hl
Europe,Malte,2001,1,1000hl
Europe,Malte,2002,1,1000hl
Europe,Malte,2003,1,1000hl
Europe,Malte,2005,2,1000hl
Europe,Malte,2006,1,1000hl
Europe,Malte,2007,2,1000hl
Europe,Malte,2008,1,1000hl
Europe,Malte,2009,1,1000hl
Europe,Malte,2010,1,1000hl
Europe,Malte,2011,1,1000hl
Europe,Malte,2012,1,1000hl
Europe,Malte,2013,4,1000hl
Europe,Malte,2014,1,1000hl
Afrique,Maroc,1995,77,1000hl
Afrique,Maroc,1996,59,1000hl
Afrique,Maroc,1997,57,1000hl
Afrique,Maroc,1998,68,1000hl
Afrique,Maroc,1999,50,1000hl
Afrique,Maroc,2000,70,1000hl
Afrique,Maroc,2001,69,1000hl
Afrique,Maroc,2002,88,1000hl
Afrique,Maroc,2003,89,1000hl
Afrique,Maroc,2004,84,1000hl
Afrique,Maroc,2005,55,1000hl
Afrique,Maroc,2006,79,1000hl
Afrique,Maroc,2007,43,1000hl
Afrique,Maroc,2008,43,1000hl
Afrique,Maroc,2009,52,1000hl
Afrique,Maroc,2010,57,1000hl
Afrique,Maroc,2011,54,1000hl
Afrique,Maroc,2012,36,1000hl
Afrique,Maroc,2013,36,1000hl
Afrique,Maroc,2014,9,1000hl
Afrique,Maroc,2015,66,1000hl
Afrique,Maroc,2016,10,1000hl
Afrique,Maroc,2017,10,1000hl
Afrique,Maroc,2018,13,1000hl
Afrique,Maroc,2019,10,1000hl
Amerique,Mexique,1995,20,1000hl
Amerique,Mexique,1996,14,1000hl
Amerique,Mexique,1997,22,1000hl
Amerique,Mexique,1998,26,1000hl
Amerique,Mexique,1999,23,1000hl
Amerique,Mexique,2000,16,1000hl
Amerique,Mexique,2001,18,1000hl
Amerique,Mexique,2002,14,1000hl
Amerique,Mexique,2003,10,1000hl
Amerique,Mexique,2004,13,1000hl
Amerique,Mexique,2005,13,1000hl
Amerique,Mexique,2006,9,1000hl
Amerique,Mexique,2007,7,1000hl
Amerique,Mexique,2008,10,1000hl
Amerique,Mexique,2009,24,1000hl
Amerique,Mexique,2010,11,1000hl
Amerique,Mexique,2011,12,1000hl
Amerique,Mexique,2012,11,1000hl
Amerique,Mexique,2013,11,1000hl
Amerique,Mexique,2014,12,1000hl
Amerique,Mexique,2015,13,1000hl
Amerique,Mexique,2016,12,1000hl
Amerique,Mexique,2017,12,1000hl
Amerique,Mexique,2018,10,1000hl
Amerique,Mexique,2019,1,1000hl
Europe,"Moldova, Republique",1995,1654,1000hl
Europe,"Moldova, Republique",1996,1601,1000hl
Europe,"Moldova, Republique",1997,1979,1000hl
Europe,"Moldova, Republique",1998,1404,1000hl
Europe,"Moldova, Republique",1999,657,1000hl
Europe,"Moldova, Republique",2000,992,1000hl
Europe,"Moldova, Republique",2001,1368,1000hl
Europe,"Moldova, Republique",2002,1537,1000hl
Europe,"Moldova, Republique",2003,2022,1000hl
Europe,"Moldova, Republique",2004,2280,1000hl
Europe,"Moldova, Republique",2005,2425,1000hl
Europe,"Moldova, Republique",2006,1460,1000hl
Europe,"Moldova, Republique",2007,660,1000hl
Europe,"Moldova, Republique",2008,899,1000hl
Europe,"Moldova, Republique",2009,957,1000hl
Europe,"Moldova, Republique",2010,1260,1000hl
Europe,"Moldova, Republique",2011,1198,1000hl
Europe,"Moldova, Republique",2012,1220,1000hl
Europe,"Moldova, Republique",2013,1234,1000hl
Europe,"Moldova, Republique",2014,1171,1000hl
Europe,"Moldova, Republique",2015,1220,1000hl
Europe,"Moldova, Republique",2016,1328,1000hl
Europe,"Moldova, Republique",2017,1405,1000hl
Europe,"Moldova, Republique",2018,1399,1000hl
Europe,"Moldova, Republique",2019,1509,1000hl
Europe,Montenegro,2005,44,1000hl
Europe,Montenegro,2006,58,1000hl
Europe,Montenegro,2007,58,1000hl
Europe,Montenegro,2008,59,1000hl
Europe,Montenegro,2009,45,1000hl
Europe,Montenegro,2010,55,1000hl
Europe,Montenegro,2011,67,1000hl
Europe,Montenegro,2012,63,1000hl
Europe,Montenegro,2013,71,1000hl
Europe,Montenegro,2014,61,1000hl
Europe,Montenegro,2015,73,1000hl
Europe,Montenegro,2016,68,1000hl
Europe,Montenegro,2017,63,1000hl
Europe,Montenegro,2018,60,1000hl
Europe,Montenegro,2019,62,1000hl
Afrique,Mozambique,2005,1,1000hl
Afrique,Mozambique,2012,4,1000hl
Afrique,Mozambique,2013,4,1000hl
Afrique,Mozambique,2014,60,1000hl
Afrique,Mozambique,2015,154,1000hl
Afrique,Mozambique,2016,138,1000hl
Afrique,Mozambique,2017,60,1000hl
Afrique,Mozambique,2018,1,1000hl
Afrique,Mozambique,2019,274,1000hl
Afrique,Namibie,1997,11,1000hl
Afrique,Namibie,1998,11,1000hl
Afrique,Namibie,1999,2,1000hl
Afrique,Namibie,2000,5,1000hl
Afrique,Namibie,2001,2,1000hl
Afrique,Namibie,2002,4,1000hl
Afrique,Namibie,2003,3,1000hl
Afrique,Namibie,2004,1,1000hl
Afrique,Namibie,2005,30,1000hl
Afrique,Namibie,2006,5,1000hl
Afrique,Namibie,2007,2,1000hl
Afrique,Namibie,2008,2,1000hl
Afrique,Namibie,2009,13,1000hl
Afrique,Namibie,2010,7,1000hl
Afrique,Namibie,2011,4,1000hl
Afrique,Namibie,2012,60,1000hl
Afrique,Namibie,2013,19,1000hl
Afrique,Namibie,2014,69,1000hl
Afrique,Namibie,2015,28,1000hl
Afrique,Namibie,2016,33,1000hl
Afrique,Namibie,2017,15,1000hl
Afrique,Namibie,2018,15,1000hl
Afrique,Namibie,2019,15,1000hl
Afrique,Nigeria,2001,1,1000hl
Afrique,Nigeria,2002,1,1000hl
Afrique,Nigeria,2003,4,1000hl
Afrique,Nigeria,2008,1,1000hl
Afrique,Nigeria,2011,2,1000hl
Afrique,Nigeria,2013,4,1000hl
Afrique,Nigeria,2014,8,1000hl
Europe,Norvege,1995,2,1000hl
Europe,Norvege,1996,1,1000hl
Europe,Norvege,1997,3,1000hl
Europe,Norvege,1998,3,1000hl
Europe,Norvege,1999,8,1000hl
Europe,Norvege,2000,5,1000hl
Europe,Norvege,2001,8,1000hl
Europe,Norvege,2002,8,1000hl
Europe,Norvege,2003,13,1000hl
Europe,Norvege,2004,17,1000hl
Europe,Norvege,2005,15,1000hl
Europe,Norvege,2006,14,1000hl
Europe,Norvege,2007,14,1000hl
Europe,Norvege,2008,12,1000hl
Europe,Norvege,2009,12,1000hl
Europe,Norvege,2010,12,1000hl
Europe,Norvege,2011,13,1000hl
Europe,Norvege,2012,13,1000hl
Europe,Norvege,2013,10,1000hl
Europe,Norvege,2014,12,1000hl
Europe,Norvege,2015,19,1000hl
Europe,Norvege,2016,30,1000hl
Europe,Norvege,2017,24,1000hl
Europe,Norvege,2018,23,1000hl
Europe,Norvege,2019,26,1000hl
Oceanie,Nouvelle-zelande,1995,79,1000hl
Oceanie,Nouvelle-zelande,1996,111,1000hl
Oceanie,Nouvelle-zelande,1997,131,1000hl
Oceanie,Nouvelle-zelande,1998,155,1000hl
Oceanie,Nouvelle-zelande,1999,166,1000hl
Oceanie,Nouvelle-zelande,2000,180,1000hl
Oceanie,Nouvelle-zelande,2001,192,1000hl
Oceanie,Nouvelle-zelande,2002,230,1000hl
Oceanie,Nouvelle-zelande,2003,271,1000hl
Oceanie,Nouvelle-zelande,2004,311,1000hl
Oceanie,Nouvelle-zelande,2005,514,1000hl
Oceanie,Nouvelle-zelande,2006,578,1000hl
Oceanie,Nouvelle-zelande,2007,760,1000hl
Oceanie,Nouvelle-zelande,2008,886,1000hl
Oceanie,Nouvelle-zelande,2009,1126,1000hl
Oceanie,Nouvelle-zelande,2010,1420,1000hl
Oceanie,Nouvelle-zelande,2011,1547,1000hl
Oceanie,Nouvelle-zelande,2012,1789,1000hl
Oceanie,Nouvelle-zelande,2013,1784,1000hl
Oceanie,Nouvelle-zelande,2014,1878,1000hl
Oceanie,Nouvelle-zelande,2015,2055,1000hl
Oceanie,Nouvelle-zelande,2016,2126,1000hl
Oceanie,Nouvelle-zelande,2017,2553,1000hl
Oceanie,Nouvelle-zelande,2018,2551,1000hl
Oceanie,Nouvelle-zelande,2019,2704,1000hl
Asie,Nepal,2019,1,1000hl
Afrique,Ouganda,2008,1,1000hl
Afrique,Ouganda,2009,1,1000hl
Afrique,Ouganda,2010,2,1000hl
Afrique,Ouganda,2011,3,1000hl
Afrique,Ouganda,2012,5,1000hl
Afrique,Ouganda,2013,3,1000hl
Afrique,Ouganda,2014,4,1000hl
Afrique,Ouganda,2015,3,1000hl
Afrique,Ouganda,2016,2,1000hl
Afrique,Ouganda,2017,1,1000hl
Afrique,Ouganda,2018,3,1000hl
Afrique,Ouganda,2019,3,1000hl
Asie,Ouzbekistan,1995,12,1000hl
Asie,Ouzbekistan,1996,67,1000hl
Asie,Ouzbekistan,1997,45,1000hl
Asie,Ouzbekistan,1998,36,1000hl
Asie,Ouzbekistan,1999,4,1000hl
Asie,Ouzbekistan,2000,20,1000hl
Asie,Ouzbekistan,2001,80,1000hl
Asie,Ouzbekistan,2002,97,1000hl
Asie,Ouzbekistan,2003,94,1000hl
Asie,Ouzbekistan,2004,32,1000hl
Asie,Ouzbekistan,2005,120,1000hl
Asie,Ouzbekistan,2006,161,1000hl
Asie,Ouzbekistan,2007,197,1000hl
Asie,Ouzbekistan,2008,156,1000hl
Asie,Ouzbekistan,2009,47,1000hl
Asie,Ouzbekistan,2010,152,1000hl
Asie,Ouzbekistan,2011,68,1000hl
Asie,Ouzbekistan,2012,89,1000hl
Asie,Ouzbekistan,2013,77,1000hl
Asie,Ouzbekistan,2014,59,1000hl
Asie,Ouzbekistan,2015,53,1000hl
Asie,Ouzbekistan,2016,106,1000hl
Asie,Ouzbekistan,2017,164,1000hl
Asie,Ouzbekistan,2018,106,1000hl
Asie,Ouzbekistan,2019,102,1000hl
Amerique,Panama,2004,1,1000hl
Amerique,Panama,2006,21,1000hl
Amerique,Panama,2007,22,1000hl
Amerique,Panama,2008,20,1000hl
Amerique,Panama,2009,25,1000hl
Amerique,Panama,2010,48,1000hl
Amerique,Panama,2011,57,1000hl
Amerique,Panama,2012,47,1000hl
Amerique,Panama,2013,44,1000hl
Amerique,Panama,2014,61,1000hl
Amerique,Panama,2015,38,1000hl
Amerique,Panama,2016,40,1000hl
Amerique,Panama,2017,53,1000hl
Amerique,Panama,2018,50,1000hl
Amerique,Panama,2019,50,1000hl
Amerique,Paraguay,2018,1,1000hl
Europe,Pays-bas,1995,89,1000hl
Europe,Pays-bas,1996,124,1000hl
Europe,Pays-bas,1997,227,1000hl
Europe,Pays-bas,1998,245,1000hl
Europe,Pays-bas,1999,255,1000hl
Europe,Pays-bas,2000,135,1000hl
Europe,Pays-bas,2001,137,1000hl
Europe,Pays-bas,2002,362,1000hl
Europe,Pays-bas,2003,350,1000hl
Europe,Pays-bas,2004,105,1000hl
Europe,Pays-bas,2005,155,1000hl
Europe,Pays-bas,2006,219,1000hl
Europe,Pays-bas,2007,218,1000hl
Europe,Pays-bas,2008,177,1000hl
Europe,Pays-bas,2009,167,1000hl
Europe,Pays-bas,2010,149,1000hl
Europe,Pays-bas,2011,244,1000hl
Europe,Pays-bas,2012,282,1000hl
Europe,Pays-bas,2013,258,1000hl
Europe,Pays-bas,2014,313,1000hl
Europe,Pays-bas,2015,376,1000hl
Europe,Pays-bas,2016,668,1000hl
Europe,Pays-bas,2017,795,1000hl
Europe,Pays-bas,2018,727,1000hl
Europe,Pays-bas,2019,649,1000hl
Asie,Philippines,1997,1,1000hl
Asie,Philippines,2006,1,1000hl
Asie,Philippines,2014,2,1000hl
Asie,Philippines,2015,1,1000hl
Asie,Philippines,2016,7,1000hl
Asie,Philippines,2017,5,1000hl
Asie,Philippines,2018,3,1000hl
Asie,Philippines,2019,2,1000hl
Europe,Pologne,1995,274,1000hl
Europe,Pologne,1996,128,1000hl
Europe,Pologne,1997,45,1000hl
Europe,Pologne,1998,21,1000hl
Europe,Pologne,1999,10,1000hl
Europe,Pologne,2000,1,1000hl
Europe,Pologne,2001,4,1000hl
Europe,Pologne,2002,2,1000hl
Europe,Pologne,2003,4,1000hl
Europe,Pologne,2004,3,1000hl
Europe,Pologne,2005,6,1000hl
Europe,Pologne,2006,4,1000hl
Europe,Pologne,2007,10,1000hl
Europe,Pologne,2008,8,1000hl
Europe,Pologne,2009,19,1000hl
Europe,Pologne,2010,29,1000hl
Europe,Pologne,2011,35,1000hl
Europe,Pologne,2012,32,1000hl
Europe,Pologne,2013,34,1000hl
Europe,Pologne,2014,29,1000hl
Europe,Pologne,2015,19,1000hl
Europe,Pologne,2016,36,1000hl
Europe,Pologne,2017,50,1000hl
Europe,Pologne,2018,76,1000hl
Europe,Pologne,2019,106,1000hl
Europe,Portugal,1995,1728,1000hl
Europe,Portugal,1996,1976,1000hl
Europe,Portugal,1997,2500,1000hl
Europe,Portugal,1998,2299,1000hl
Europe,Portugal,1999,1969,1000hl
Europe,Portugal,2000,1941,1000hl
Europe,Portugal,2001,1673,1000hl
Europe,Portugal,2002,2141,1000hl
Europe,Portugal,2003,3162,1000hl
Europe,Portugal,2004,3229,1000hl
Europe,Portugal,2005,2627,1000hl
Europe,Portugal,2006,2930,1000hl
Europe,Portugal,2007,3442,1000hl
Europe,Portugal,2008,2911,1000hl
Europe,Portugal,2009,2344,1000hl
Europe,Portugal,2010,2666,1000hl
Europe,Portugal,2011,3079,1000hl
Europe,Portugal,2012,3363,1000hl
Europe,Portugal,2013,3041,1000hl
Europe,Portugal,2014,2836,1000hl
Europe,Portugal,2015,2796,1000hl
Europe,Portugal,2016,2778,1000hl
Europe,Portugal,2017,2993,1000hl
Europe,Portugal,2018,2951,1000hl
Europe,Portugal,2019,2963,1000hl
Amerique,Perou,1996,2,1000hl
Amerique,Perou,1997,1,1000hl
Amerique,Perou,1998,1,1000hl
Amerique,Perou,2001,1,1000hl
Amerique,Perou,2002,1,1000hl
Amerique,Perou,2003,1,1000hl
Amerique,Perou,2004,1,1000hl
Amerique,Perou,2005,1,1000hl
Amerique,Perou,2006,1,1000hl
Amerique,Perou,2007,2,1000hl
Amerique,Perou,2008,1,1000hl
Amerique,Perou,2009,2,1000hl
Amerique,Perou,2010,1,1000hl
Amerique,Perou,2011,4,1000hl
Amerique,Perou,2012,1,1000hl
Amerique,Perou,2013,5,1000hl
Amerique,Perou,2014,11,1000hl
Amerique,Perou,2015,2,1000hl
Amerique,Perou,2016,2,1000hl
Amerique,Perou,2017,2,1000hl
Amerique,Perou,2018,3,1000hl
Amerique,Perou,2019,3,1000hl
Europe,Roumanie,1995,305,1000hl
Europe,Roumanie,1996,454,1000hl
Europe,Roumanie,1997,807,1000hl
Europe,Roumanie,1998,647,1000hl
Europe,Roumanie,1999,293,1000hl
Europe,Roumanie,2000,254,1000hl
Europe,Roumanie,2001,394,1000hl
Europe,Roumanie,2002,503,1000hl
Europe,Roumanie,2003,411,1000hl
Europe,Roumanie,2004,376,1000hl
Europe,Roumanie,2005,270,1000hl
Europe,Roumanie,2006,179,1000hl
Europe,Roumanie,2007,143,1000hl
Europe,Roumanie,2008,141,1000hl
Europe,Roumanie,2009,107,1000hl
Europe,Roumanie,2010,98,1000hl
Europe,Roumanie,2011,105,1000hl
Europe,Roumanie,2012,114,1000hl
Europe,Roumanie,2013,105,1000hl
Europe,Roumanie,2014,105,1000hl
Europe,Roumanie,2015,139,1000hl
Europe,Roumanie,2016,129,1000hl
Europe,Roumanie,2017,162,1000hl
Europe,Roumanie,2018,199,1000hl
Europe,Roumanie,2019,236,1000hl
Europe,Royaume-uni,1995,101,1000hl
Europe,Royaume-uni,1996,232,1000hl
Europe,Royaume-uni,1997,363,1000hl
Europe,Royaume-uni,1998,344,1000hl
Europe,Royaume-uni,1999,175,1000hl
Europe,Royaume-uni,2000,217,1000hl
Europe,Royaume-uni,2001,188,1000hl
Europe,Royaume-uni,2002,279,1000hl
Europe,Royaume-uni,2003,244,1000hl
Europe,Royaume-uni,2004,263,1000hl
Europe,Royaume-uni,2005,229,1000hl
Europe,Royaume-uni,2006,312,1000hl
Europe,Royaume-uni,2007,472,1000hl
Europe,Royaume-uni,2008,433,1000hl
Europe,Royaume-uni,2009,545,1000hl
Europe,Royaume-uni,2010,898,1000hl
Europe,Royaume-uni,2011,866,1000hl
Europe,Royaume-uni,2012,800,1000hl
Europe,Royaume-uni,2013,951,1000hl
Europe,Royaume-uni,2014,1037,1000hl
Europe,Royaume-uni,2015,942,1000hl
Europe,Royaume-uni,2016,811,1000hl
Europe,Royaume-uni,2017,995,1000hl
Europe,Royaume-uni,2018,1211,1000hl
Europe,Royaume-uni,2019,1010,1000hl
Afrique,Rwanda,2008,18,1000hl
Afrique,Rwanda,2013,1,1000hl
Afrique,Rwanda,2017,1,1000hl
Afrique,Rwanda,2018,3,1000hl
Afrique,Rwanda,2019,5,1000hl
Afrique,Republique Dominicaine,2008,1,1000hl
Afrique,Republique Dominicaine,2009,1,1000hl
Afrique,Republique Dominicaine,2010,1,1000hl
Afrique,Republique Dominicaine,2011,1,1000hl
Afrique,Republique Dominicaine,2012,1,1000hl
Afrique,Republique Dominicaine,2013,60,1000hl
Afrique,Republique Dominicaine,2014,112,1000hl
Afrique,Republique Dominicaine,2017,18,1000hl
Afrique,Republique Dominicaine,2018,78,1000hl
Afrique,Republique Dominicaine,2019,78,1000hl
Europe,Republique Tcheque,1995,11,1000hl
Europe,Republique Tcheque,1996,11,1000hl
Europe,Republique Tcheque,1997,11,1000hl
Europe,Republique Tcheque,1998,14,1000hl
Europe,Republique Tcheque,1999,17,1000hl
Europe,Republique Tcheque,2000,33,1000hl
Europe,Republique Tcheque,2001,20,1000hl
Europe,Republique Tcheque,2002,29,1000hl
Europe,Republique Tcheque,2003,21,1000hl
Europe,Republique Tcheque,2004,31,1000hl
Europe,Republique Tcheque,2005,33,1000hl
Europe,Republique Tcheque,2006,47,1000hl
Europe,Republique Tcheque,2007,85,1000hl
Europe,Republique Tcheque,2008,182,1000hl
Europe,Republique Tcheque,2009,185,1000hl
Europe,Republique Tcheque,2010,233,1000hl
Europe,Republique Tcheque,2011,287,1000hl
Europe,Republique Tcheque,2012,270,1000hl
Europe,Republique Tcheque,2013,335,1000hl
Europe,Republique Tcheque,2014,207,1000hl
Europe,Republique Tcheque,2015,148,1000hl
Europe,Republique Tcheque,2016,59,1000hl
Europe,Republique Tcheque,2017,75,1000hl
Europe,Republique Tcheque,2018,64,1000hl
Europe,Republique Tcheque,2019,88,1000hl
Europe,Republique De Macedoine Du Nord,1995,696,1000hl
Europe,Republique De Macedoine Du Nord,1996,714,1000hl
Europe,Republique De Macedoine Du Nord,1997,653,1000hl
Europe,Republique De Macedoine Du Nord,1998,570,1000hl
Europe,Republique De Macedoine Du Nord,1999,832,1000hl
Europe,Republique De Macedoine Du Nord,2000,829,1000hl
Europe,Republique De Macedoine Du Nord,2001,808,1000hl
Europe,Republique De Macedoine Du Nord,2002,765,1000hl
Europe,Republique De Macedoine Du Nord,2003,548,1000hl
Europe,Republique De Macedoine Du Nord,2004,566,1000hl
Europe,Republique De Macedoine Du Nord,2005,653,1000hl
Europe,Republique De Macedoine Du Nord,2006,822,1000hl
Europe,Republique De Macedoine Du Nord,2007,923,1000hl
Europe,Republique De Macedoine Du Nord,2008,923,1000hl
Europe,Republique De Macedoine Du Nord,2009,684,1000hl
Europe,Republique De Macedoine Du Nord,2010,684,1000hl
Europe,Republique De Macedoine Du Nord,2011,966,1000hl
Europe,Republique De Macedoine Du Nord,2012,1150,1000hl
Europe,Republique De Macedoine Du Nord,2013,885,1000hl
Europe,Republique De Macedoine Du Nord,2014,797,1000hl
Europe,Republique De Macedoine Du Nord,2015,588,1000hl
Europe,Republique De Macedoine Du Nord,2016,766,1000hl
Europe,Republique De Macedoine Du Nord,2017,743,1000hl
Europe,Republique De Macedoine Du Nord,2018,748,1000hl
Europe,Republique De Macedoine Du Nord,2019,656,1000hl
Amerique,Sainte-lucie,1999,1,1000hl
Amerique,Sainte-lucie,2008,8,1000hl
Amerique,Sainte-lucie,2013,8,1000hl
Amerique,Sainte-lucie,2014,8,1000hl
Amerique,Sainte-lucie,2015,9,1000hl
Amerique,Sainte-lucie,2016,10,1000hl
Amerique,Sainte-lucie,2017,10,1000hl
Asie,Serbie Et Montenegro,1996,64,1000hl
Asie,Serbie Et Montenegro,1997,53,1000hl
Asie,Serbie Et Montenegro,1998,108,1000hl
Asie,Serbie Et Montenegro,1999,49,1000hl
Asie,Serbie Et Montenegro,2000,42,1000hl
Asie,Serbie Et Montenegro,2001,54,1000hl
Asie,Serbie Et Montenegro,2002,64,1000hl
Asie,Serbie Et Montenegro,2003,118,1000hl
Asie,Serbie Et Montenegro,2004,131,1000hl
Europe,Serbie,2005,77,1000hl
Europe,Serbie,2006,84,1000hl
Europe,Serbie,2007,98,1000hl
Europe,Serbie,2008,92,1000hl
Europe,Serbie,2009,112,1000hl
Europe,Serbie,2010,113,1000hl
Europe,Serbie,2011,152,1000hl
Europe,Serbie,2012,227,1000hl
Europe,Serbie,2013,124,1000hl
Europe,Serbie,2014,122,1000hl
Europe,Serbie,2015,108,1000hl
Europe,Serbie,2016,100,1000hl
Europe,Serbie,2017,116,1000hl
Europe,Serbie,2018,127,1000hl
Europe,Serbie,2019,112,1000hl
Asie,Singapour,1995,17,1000hl
Asie,Singapour,1996,20,1000hl
Asie,Singapour,1997,20,1000hl
Asie,Singapour,1998,21,1000hl
Asie,Singapour,1999,25,1000hl
Asie,Singapour,2000,29,1000hl
Asie,Singapour,2001,30,1000hl
Asie,Singapour,2002,38,1000hl
Asie,Singapour,2003,49,1000hl
Asie,Singapour,2004,58,1000hl
Asie,Singapour,2005,77,1000hl
Asie,Singapour,2006,88,1000hl
Asie,Singapour,2007,116,1000hl
Asie,Singapour,2008,130,1000hl
Asie,Singapour,2009,106,1000hl
Asie,Singapour,2010,118,1000hl
Asie,Singapour,2011,138,1000hl
Asie,Singapour,2012,153,1000hl
Asie,Singapour,2013,162,1000hl
Asie,Singapour,2014,181,1000hl
Asie,Singapour,2015,179,1000hl
Asie,Singapour,2016,174,1000hl
Asie,Singapour,2017,175,1000hl
Asie,Singapour,2018,177,1000hl
Asie,Singapour,2019,137,1000hl
Europe,Slovaquie,1995,106,1000hl
Europe,Slovaquie,1996,92,1000hl
Europe,Slovaquie,1997,101,1000hl
Europe,Slovaquie,1998,90,1000hl
Europe,Slovaquie,1999,68,1000hl
Europe,Slovaquie,2000,107,1000hl
Europe,Slovaquie,2001,107,1000hl
Europe,Slovaquie,2002,111,1000hl
Europe,Slovaquie,2003,130,1000hl
Europe,Slovaquie,2004,56,1000hl
Europe,Slovaquie,2005,99,1000hl
Europe,Slovaquie,2006,114,1000hl
Europe,Slovaquie,2007,129,1000hl
Europe,Slovaquie,2008,129,1000hl
Europe,Slovaquie,2009,128,1000hl
Europe,Slovaquie,2010,107,1000hl
Europe,Slovaquie,2011,159,1000hl
Europe,Slovaquie,2012,146,1000hl
Europe,Slovaquie,2013,156,1000hl
Europe,Slovaquie,2014,225,1000hl
Europe,Slovaquie,2015,264,1000hl
Europe,Slovaquie,2016,221,1000hl
Europe,Slovaquie,2017,368,1000hl
Europe,Slovaquie,2018,421,1000hl
Europe,Slovaquie,2019,432,1000hl
Europe,Slovenie,1995,116,1000hl
Europe,Slovenie,1996,81,1000hl
Europe,Slovenie,1997,41,1000hl
Europe,Slovenie,1998,86,1000hl
Europe,Slovenie,1999,140,1000hl
Europe,Slovenie,2000,56,1000hl
Europe,Slovenie,2001,133,1000hl
Europe,Slovenie,2002,112,1000hl
Europe,Slovenie,2003,60,1000hl
Europe,Slovenie,2004,50,1000hl
Europe,Slovenie,2005,43,1000hl
Europe,Slovenie,2006,53,1000hl
Europe,Slovenie,2007,43,1000hl
Europe,Slovenie,2008,51,1000hl
Europe,Slovenie,2009,62,1000hl
Europe,Slovenie,2010,51,1000hl
Europe,Slovenie,2011,52,1000hl
Europe,Slovenie,2012,46,1000hl
Europe,Slovenie,2013,77,1000hl
Europe,Slovenie,2014,65,1000hl
Europe,Slovenie,2015,42,1000hl
Europe,Slovenie,2016,40,1000hl
Europe,Slovenie,2017,53,1000hl
Europe,Slovenie,2018,53,1000hl
Europe,Slovenie,2019,61,1000hl
Asie,Sri Lanka,2016,1,1000hl
Asie,Sri Lanka,2017,1,1000hl
Asie,Sri Lanka,2018,1,1000hl
Asie,Sri Lanka,2019,1,1000hl
Europe,Suisse,1995,11,1000hl
Europe,Suisse,1996,11,1000hl
Europe,Suisse,1997,15,1000hl
Europe,Suisse,1998,13,1000hl
Europe,Suisse,1999,14,1000hl
Europe,Suisse,2000,13,1000hl
Europe,Suisse,2001,14,1000hl
Europe,Suisse,2002,12,1000hl
Europe,Suisse,2003,14,1000hl
Europe,Suisse,2004,19,1000hl
Europe,Suisse,2005,26,1000hl
Europe,Suisse,2006,27,1000hl
Europe,Suisse,2007,20,1000hl
Europe,Suisse,2008,20,1000hl
Europe,Suisse,2009,19,1000hl
Europe,Suisse,2010,20,1000hl
Europe,Suisse,2011,20,1000hl
Europe,Suisse,2012,16,1000hl
Europe,Suisse,2013,17,1000hl
Europe,Suisse,2014,14,1000hl
Europe,Suisse,2015,12,1000hl
Europe,Suisse,2016,11,1000hl
Europe,Suisse,2017,14,1000hl
Europe,Suisse,2018,12,1000hl
Europe,Suisse,2019,13,1000hl
Europe,Suede,1995,3,1000hl
Europe,Suede,1996,2,1000hl
Europe,Suede,1997,10,1000hl
Europe,Suede,1998,20,1000hl
Europe,Suede,1999,12,1000hl
Europe,Suede,2000,9,1000hl
Europe,Suede,2001,15,1000hl
Europe,Suede,2002,23,1000hl
Europe,Suede,2003,59,1000hl
Europe,Suede,2004,75,1000hl
Europe,Suede,2005,58,1000hl
Europe,Suede,2006,46,1000hl
Europe,Suede,2007,28,1000hl
Europe,Suede,2008,34,1000hl
Europe,Suede,2009,45,1000hl
Europe,Suede,2010,40,1000hl
Europe,Suede,2011,47,1000hl
Europe,Suede,2012,62,1000hl
Europe,Suede,2013,69,1000hl
Europe,Suede,2014,78,1000hl
Europe,Suede,2015,75,1000hl
Europe,Suede,2016,75,1000hl
Europe,Suede,2017,77,1000hl
Europe,Suede,2018,85,1000hl
Europe,Suede,2019,78,1000hl
Afrique,Swaziland,1997,1,1000hl
Afrique,Swaziland,1998,1,1000hl
Afrique,Swaziland,1999,2,1000hl
Afrique,Swaziland,2000,1,1000hl
Afrique,Swaziland,2001,6,1000hl
Afrique,Swaziland,2002,5,1000hl
Afrique,Swaziland,2005,7,1000hl
Afrique,Swaziland,2006,1,1000hl
Afrique,Swaziland,2012,2,1000hl
Afrique,Swaziland,2013,5,1000hl
Afrique,Swaziland,2014,4,1000hl
Afrique,Swaziland,2015,12,1000hl
Afrique,Swaziland,2016,2,1000hl
Afrique,Swaziland,2017,1,1000hl
Afrique,Swaziland,2018,1,1000hl
Afrique,Swaziland,2019,1,1000hl
Afrique,Senegal,1997,2,1000hl
Afrique,Senegal,1998,1,1000hl
Afrique,Senegal,1999,1,1000hl
Afrique,Senegal,2000,1,1000hl
Afrique,Senegal,2003,1,1000hl
Afrique,Senegal,2004,1,1000hl
Afrique,Senegal,2005,2,1000hl
Afrique,Senegal,2006,2,1000hl
Afrique,Senegal,2007,1,1000hl
Afrique,Senegal,2008,1,1000hl
Afrique,Senegal,2009,1,1000hl
Afrique,Senegal,2010,1,1000hl
Afrique,Senegal,2011,1,1000hl
Afrique,Senegal,2012,10,1000hl
Afrique,Senegal,2013,1,1000hl
Afrique,Senegal,2014,1,1000hl
Afrique,Senegal,2015,2,1000hl
Afrique,Senegal,2016,1,1000hl
Asie,Tadjikistan,1995,25,1000hl
Asie,Tadjikistan,1996,25,1000hl
Asie,Tadjikistan,1997,25,1000hl
Asie,Tadjikistan,1998,20,1000hl
Asie,Tadjikistan,1999,5,1000hl
Asie,Tadjikistan,2000,5,1000hl
Asie,Tadjikistan,2001,1,1000hl
Afrique,"Tanzanie, Republique-unie",2000,1,1000hl
Afrique,"Tanzanie, Republique-unie",2001,1,1000hl
Afrique,"Tanzanie, Republique-unie",2003,1,1000hl
Afrique,"Tanzanie, Republique-unie",2013,2,1000hl
Afrique,"Tanzanie, Republique-unie",2014,5,1000hl
Afrique,"Tanzanie, Republique-unie",2016,1,1000hl
Asie,"Taiwan, Chine",1999,3,1000hl
Asie,"Taiwan, Chine",2002,2,1000hl
Asie,"Taiwan, Chine",2003,1,1000hl
Asie,"Taiwan, Chine",2007,1,1000hl
Asie,"Taiwan, Chine",2008,2,1000hl
Asie,"Taiwan, Chine",2009,2,1000hl
Asie,"Taiwan, Chine",2010,3,1000hl
Asie,"Taiwan, Chine",2011,4,1000hl
Asie,"Taiwan, Chine",2012,3,1000hl
Asie,"Taiwan, Chine",2013,1,1000hl
Asie,"Taiwan, Chine",2014,1,1000hl
Asie,"Taiwan, Chine",2015,1,1000hl
Asie,"Taiwan, Chine",2019,1,1000hl
Asie,Thailande,1995,2,1000hl
Asie,Thailande,1996,9,1000hl
Asie,Thailande,1997,7,1000hl
Asie,Thailande,1998,4,1000hl
Asie,Thailande,1999,14,1000hl
Asie,Thailande,2000,11,1000hl
Asie,Thailande,2001,11,1000hl
Asie,Thailande,2002,11,1000hl
Asie,Thailande,2003,10,1000hl
Asie,Thailande,2004,13,1000hl
Asie,Thailande,2005,24,1000hl
Asie,Thailande,2006,21,1000hl
Asie,Thailande,2007,27,1000hl
Asie,Thailande,2008,32,1000hl
Asie,Thailande,2009,37,1000hl
Asie,Thailande,2010,40,1000hl
Asie,Thailande,2011,55,1000hl
Asie,Thailande,2012,69,1000hl
Asie,Thailande,2013,83,1000hl
Asie,Thailande,2014,82,1000hl
Asie,Thailande,2015,93,1000hl
Asie,Thailande,2016,117,1000hl
Asie,Thailande,2017,82,1000hl
Asie,Thailande,2018,102,1000hl
Asie,Thailande,2019,116,1000hl
Afrique,Togo,2002,2,1000hl
Afrique,Togo,2003,2,1000hl
Afrique,Togo,2004,2,1000hl
Afrique,Togo,2005,1,1000hl
Afrique,Togo,2008,1,1000hl
Afrique,Togo,2009,1,1000hl
Afrique,Togo,2011,1,1000hl
Afrique,Togo,2012,1,1000hl
Afrique,Togo,2013,1,1000hl
Afrique,Togo,2014,1,1000hl
Afrique,Togo,2015,1,1000hl
Afrique,Togo,2016,15,1000hl
Afrique,Togo,2017,147,1000hl
Afrique,Togo,2018,163,1000hl
Afrique,Togo,2019,180,1000hl
Amerique,Trinite-et-tobago,1997,2,1000hl
Amerique,Trinite-et-tobago,1998,1,1000hl
Amerique,Trinite-et-tobago,2006,2,1000hl
Afrique,Tunisie,1995,103,1000hl
Afrique,Tunisie,1996,89,1000hl
Afrique,Tunisie,1997,63,1000hl
Afrique,Tunisie,1998,54,1000hl
Afrique,Tunisie,1999,70,1000hl
Afrique,Tunisie,2000,73,1000hl
Afrique,Tunisie,2001,132,1000hl
Afrique,Tunisie,2002,94,1000hl
Afrique,Tunisie,2003,169,1000hl
Afrique,Tunisie,2004,385,1000hl
Afrique,Tunisie,2005,125,1000hl
Afrique,Tunisie,2006,81,1000hl
Afrique,Tunisie,2007,90,1000hl
Afrique,Tunisie,2008,100,1000hl
Afrique,Tunisie,2009,54,1000hl
Afrique,Tunisie,2010,45,1000hl
Afrique,Tunisie,2011,37,1000hl
Afrique,Tunisie,2012,27,1000hl
Afrique,Tunisie,2013,14,1000hl
Afrique,Tunisie,2014,19,1000hl
Afrique,Tunisie,2015,13,1000hl
Afrique,Tunisie,2016,6,1000hl
Afrique,Tunisie,2017,3,1000hl
Afrique,Tunisie,2018,10,1000hl
Afrique,Tunisie,2019,4,1000hl
Asie,Turkmenistan,1995,144,1000hl
Asie,Turkmenistan,1996,100,1000hl
Asie,Turkmenistan,1997,80,1000hl
Asie,Turkmenistan,1998,50,1000hl
Asie,Turkmenistan,2000,2,1000hl
Asie,Turkmenistan,2001,1,1000hl
Asie,Turkmenistan,2004,3,1000hl
Asie,Turquie,1995,30,1000hl
Asie,Turquie,1996,37,1000hl
Asie,Turquie,1997,108,1000hl
Asie,Turquie,1998,48,1000hl
Asie,Turquie,1999,43,1000hl
Asie,Turquie,2000,59,1000hl
Asie,Turquie,2001,48,1000hl
Asie,Turquie,2002,85,1000hl
Asie,Turquie,2003,60,1000hl
Asie,Turquie,2004,30,1000hl
Asie,Turquie,2005,27,1000hl
Asie,Turquie,2006,27,1000hl
Asie,Turquie,2007,25,1000hl
Asie,Turquie,2008,18,1000hl
Asie,Turquie,2009,36,1000hl
Asie,Turquie,2010,27,1000hl
Asie,Turquie,2011,25,1000hl
Asie,Turquie,2012,26,1000hl
Asie,Turquie,2013,30,1000hl
Asie,Turquie,2014,31,1000hl
Asie,Turquie,2015,30,1000hl
Asie,Turquie,2016,29,1000hl
Asie,Turquie,2017,42,1000hl
Asie,Turquie,2018,27,1000hl
Asie,Turquie,2019,29,1000hl
Europe,Ukraine,1995,1016,1000hl
Europe,Ukraine,1996,738,1000hl
Europe,Ukraine,1997,565,1000hl
Europe,Ukraine,1998,299,1000hl
Europe,Ukraine,1999,157,1000hl
Europe,Ukraine,2000,100,1000hl
Europe,Ukraine,2001,183,1000hl
Europe,Ukraine,2002,161,1000hl
Europe,Ukraine,2003,193,1000hl
Europe,Ukraine,2004,211,1000hl
Europe,Ukraine,2005,196,1000hl
Europe,Ukraine,2006,184,1000hl
Europe,Ukraine,2007,174,1000hl
Europe,Ukraine,2008,248,1000hl
Europe,Ukraine,2009,667,1000hl
Europe,Ukraine,2010,636,1000hl
Europe,Ukraine,2011,378,1000hl
Europe,Ukraine,2012,482,1000hl
Europe,Ukraine,2013,639,1000hl
Europe,Ukraine,2014,451,1000hl
Europe,Ukraine,2015,612,1000hl
Europe,Ukraine,2016,317,1000hl
Europe,Ukraine,2017,468,1000hl
Europe,Ukraine,2018,469,1000hl
Europe,Ukraine,2019,68,1000hl
Amerique,Uruguay,1995,2,1000hl
Amerique,Uruguay,1996,10,1000hl
Amerique,Uruguay,1997,11,1000hl
Amerique,Uruguay,1998,11,1000hl
Amerique,Uruguay,1999,30,1000hl
Amerique,Uruguay,2000,33,1000hl
Amerique,Uruguay,2001,26,1000hl
Amerique,Uruguay,2002,20,1000hl
Amerique,Uruguay,2003,18,1000hl
Amerique,Uruguay,2004,13,1000hl
Amerique,Uruguay,2005,16,1000hl
Amerique,Uruguay,2006,36,1000hl
Amerique,Uruguay,2007,99,1000hl
Amerique,Uruguay,2008,134,1000hl
Amerique,Uruguay,2009,20,1000hl
Amerique,Uruguay,2010,26,1000hl
Amerique,Uruguay,2011,24,1000hl
Amerique,Uruguay,2012,197,1000hl
Amerique,Uruguay,2013,152,1000hl
Amerique,Uruguay,2014,43,1000hl
Amerique,Uruguay,2015,23,1000hl
Amerique,Uruguay,2016,34,1000hl
Amerique,Uruguay,2017,58,1000hl
Amerique,Uruguay,2018,185,1000hl
Amerique,Uruguay,2019,58,1000hl
Amerique,Venezuela,1995,4,1000hl
Amerique,Venezuela,2000,2,1000hl
Amerique,Venezuela,2003,1,1000hl
Afrique,Zambie,2018,1,1000hl
Afrique,Zimbabwe,1995,1,1000hl
Afrique,Zimbabwe,1996,1,1000hl
Afrique,Zimbabwe,1997,2,1000hl
Afrique,Zimbabwe,2000,1,1000hl
Afrique,Zimbabwe,2002,1,1000hl
Afrique,Zimbabwe,2004,1,1000hl
Afrique,Zimbabwe,2005,1,1000hl
Afrique,Zimbabwe,2006,1,1000hl
Afrique,Zimbabwe,2009,1,1000hl
Afrique,Zimbabwe,2010,1,1000hl
Afrique,Zimbabwe,2011,1,1000hl
Afrique,Zimbabwe,2012,1,1000hl
Afrique,Zimbabwe,2013,1,1000hl
Afrique,Zimbabwe,2017,1,1000hl
Afrique,Ile Maurice,1995,1,1000hl
Afrique,Ile Maurice,2002,1,1000hl
Afrique,Ile Maurice,2003,1,1000hl
Afrique,Ile Maurice,2004,1,1000hl
Afrique,Ile Maurice,2005,1,1000hl
Afrique,Ile Maurice,2006,2,1000hl
Afrique,Ile Maurice,2007,1,1000hl
Afrique,Ile Maurice,2008,1,1000hl
Afrique,Ile Maurice,2011,2,1000hl
Afrique,Ile Maurice,2012,1,1000hl
Afrique,Ile Maurice,2013,1,1000hl
Afrique,Ile Maurice,2014,1,1000hl
Afrique,Ile Maurice,2015,3,1000hl
Afrique,Ile Maurice,2016,1,1000hl
Afrique,Ile Maurice,2017,1,1000hl
Afrique,Ile Maurice,2018,1,1000hl
